INSERT INTO `flagship_focalregion` (`id`, `fs_fr_no`, `name`, `leadera`, `leaderb`, `leadera_id`, `leaderb_id`, `long_name`) VALUES
(1, '1.1', 'IES Greater Mekong', 'Kim Geheb', 'David Clayton', 0, 0, 'Integrating Ecosystem Solutions into Policy and Investments Greater Mekong', 'IES_VN'),
(2, '1.2', 'IES Nile/ East Africa', 'Simon Langan', 'Zadoc Ogutu', 0, 0, 'Integrating Ecosystem Solutions into Policy and Investments Nile/ East Africa', 'IES_NEA'),
(3, '1.3', 'IES Volta/Niger', 'Olufunke Cofie', 'Cush Luwesi', 0, 0, 'Integrating Ecosystem Solutions into Policy and Investments Ganges', 'IES_GM'),
(4, '1.4', 'IES Ganges', 'Craig Meisner', 'Yusuf Ali Md', 0, 0, 'Integrating Ecosystem Solutions into Policy and Investments Ganges', 'IES_GN'),
(5, '1.5', 'IES Innovation Fund', 'Nathanial Matthews', NULL, 0, 0, 'Integrating Ecosystem Solutions into Policy and Investments Innovation Fund', 'IES_IF'),
(6, '2', 'LWP', 'Meredith Giordano', 'Theib Oweis', 0, 0, 'Sustainably increasing land and water productivity', 'LWP'),
(7, '3', 'RDE', 'Deborah Bossio', 'Anthony Whitbread', 0, 0, 'Regenerating degraded agricultural ecosystems', 'RDE'),
(8, '4', 'RRR', 'Pay Drechsel', NULL, 0, 0, 'Recovering and reusing resources in urbanized ecosystems', 'RRR'),
(9, '5', 'MRV', 'Claudia Ringler', 'Vladimir Smakhtin', 0, 0, 'Managing resource variability and competing use', 'MRV'),
(10, '6', 'DAI', 'Keith Shepherd', 'Lisa-Maria Rebelo', 0, 0, 'DAI', 'DAI');



INSERT INTO `rpt_flagship_cluster` (`flagship_id`, `cluster_id`) VALUES 
(1, 1),
(2, 2),
(3, 3),
(4, 4),
(5, 5),
(6, 6),
(6, 7),
(7, 8),
(7, 9),
(7, 10),
(8, 11),
(8, 12),
(8, 13),
(9, 14),
(9, 15),
(9, 16)
(10, 17),
(10, 18);	

INSERT INTO `flfr_cluster_data` (`id`, `year`, `fs_id`, `cluster`, `output`, `activity_id`, `project`, `del_code`, `del`) VALUES
(1, 2015, 1, '1.1', 'Output 01', '2015-101-2', 'Project 01', '2015-101-2-2', 'Deliverable 01'),
(2, 2015, 1, '1.1', 'Output 02', '2015-101-3', 'Project 02', '2015-101-3-1', 'Deliverable 02');

INSERT INTO `flfr_cluster_data` (`id`, `fs_id`, `cluster`, `output_code`, `output`, `activity_id`, `project`, `del_code`, `del`) VALUES (1,1,'1.1','CO-1-1','Governance Assessment reports with the identification of acceptable to change indicators that derived from Cluster B: Healthy River and Ecosystem (Reports on comprehensive assessment of nationaland regional water governance (Common outputs)', '2015-101-26', 'MK20: A Space for Dialogue: People, Perceptions, and Principled Outcomes in the Governance of the Mekong', '2015-101-26-1', 'Notions of Good Governance: Understanding Lower Mekong Perspectives.')

INSERT INTO `flfr_cluster_data` (`id`, `fs_id`, `cluster`, `output_code`, `output`, `activity_id`, `project`, `del_code`, `del`) VALUES (2,1,'1.1','CO-1-1','Governance Assessment reports with the identification of acceptable to change indicators that derived from Cluster B: Healthy River and Ecosystem (Reports on comprehensive assessment of nationaland regional water governance (Common outputs)', '2015-101-26', 'MK20: A Space for Dialogue: People, Perceptions, and Principled Outcomes in the Governance of the Mekong', '2015-101-26-2', 'Notions of Good Governance: Understanding Lower Mekong Perspectives.')


---- CLUSTER DATA ----

INSERT INTO `flfr_cluster_data` (`id`, `fs_id`, `cluster`, `output_code`, `output`, `activity_id`, `project`, `del_code`, `del`) VALUES
(1, 7, '3.1', 'CO_3.1.1', 'Co-design, testing and training of local stakeholders on approaches to restore ecosystem services at plot and landscape level', '2015-101-1', 'Providing ecosystem services and resilience through the use of agricultural biodiveristy within production ssystems of  in South Asia (Nepal, Sri Lanka)', '2015-101-1-1', 'Traditional varieties required by community identified and made available (through seed multiplication; diversity fairs; Community seed banks)'),
(2, 7, '3.1', 'CO_3.1.1', 'Co-design, testing and training of local stakeholders on approaches to restore ecosystem services at plot and landscape level', '2015-101-1', 'Providing ecosystem services and resilience through the use of agricultural biodiveristy within production ssystems of  in South Asia (Nepal, Sri Lanka)', '2015-101-1-3', 'Establish participatory on-farm trials'),
(3, 7, '3.1', 'CO_3.1.1', 'Co-design, testing and training of local stakeholders on approaches to restore ecosystem services at plot and landscape level', '2015-101-8', 'Regulating current and future damage from pests and diseases through enhanced use of intra-specific crop diversity in agricultural production landscapes', '2015-101-8-1', 'Training workshop for analysis of data engendered by the project for scientific publications'),
(4, 7, '3.1', 'CO_3.1.1', 'Co-design, testing and training of local stakeholders on approaches to restore ecosystem services at plot and landscape level', '2015-101-8', 'Regulating current and future damage from  pests and diseases  through enhance use of intra-specific crop diversity in agricultural production landscapes', '2015-101-8-3', 'Country specific portfolios of (agrobiodiversity enhancing ?) diversity-rich practices that provide alternatives to pesticide use to minimize crop damage in project sites'),
(5, 7, '3.1', 'CO_3.1.1', 'Co-design, testing and training of local stakeholders on approaches to restore ecosystem services at plot and landscape level', '2015-101-9', 'Agricultural biodiversity to improve regulating and supporting ecosystem services in agriculture landscapes in water scarce environments of Central Asia', '2015-101-9-2', 'On-farm trials are established to evaluate optimal fruit tree mixtures to regulate pest and diseases, pollination levels. On-farm trials are established to assess fruit tree diversity adapted to drought and soil salinity.'),
(6, 7, '3.2', 'CO_3.2.1', 'Co-design, testing and training of local stakeholders on approaches to restore ecosystem services at plot and landscape level', '2015-102-1', 'Addressing the challenges to sustainable land management through understanding of institutional, social, economic and biophysical constraints to adoption and designing incentives to overcome these obstacles.', '2015-102-1-2', ' Training in implementing sustainable land management practices for farmers based on demonstration plots'),
(7, 7, '3.1', 'CO_3.1.1', 'Co-design, testing and training of local stakeholders on approaches to restore ecosystem services at plot and landscape level', '2015-102-2', 'Agroforestry, biodiversity and other ecosystem services in Central America for improved productivity and resilience of smallholder agriculture', '2015-102-2-2', '~a report on the key farming systems and AgroForestrySystem components that are promising for restoring ESS in degraded landscapes`identified and tested with farmers and other key partners '),
(8, 7, '3.2', 'CO_3.2.1', 'Co-design, testing and training of local stakeholders on approaches to restore ecosystem services at plot and landscape level', '2015-102-2', 'Agroforestry, biodiversity and other ecosystem services in Central America for improved productivity and resilience of smallholder agriculture', '2015-102-4-2', 'Local partners (farmers and technician) trained on land management based practices that highlight the critical importance of agroforestry systems.'),
(9, 7, '3.1', 'CO_3.1.1', 'Co-design, testing and training of local stakeholders on approaches to restore ecosystem services at plot and landscape level', '2015-101-10', 'Contributing to the resilience of agricultural landscapes through improved seed systems', '2015-101-10-1', 'Portfolios of varieties able to respond to each project site''s environmental constraints and adapted to farmers'' preferences, in particular women''s ones. At least one portfolio of varieties for each site (15 in total)'),
(10, 7, '3.1', 'CO_3.1.1', 'Co-design, testing and training of local stakeholders on approaches to restore ecosystem services at plot and landscape level', '2015-101-10', 'Contributing to the resilience of agricultural landscapes through improved seed systems', '2015-101-10-2', 'Training of small seed producers in five countries, 15 sites total (Uganda, Burkina Faso, Nepal, Uzbekistan, Bolivia) '),
(11, 7, '3.2', 'CO_3.2.2', 'Mapping, data and tools to support gender and site specific planning of restoration interventions', '2015-102-1', 'Addressing the challenges to sustainable land management through understanding of institutional, social, economic and biophysical constraints to adoption and designing incentives to overcome these obstacles.', '2015-102-1-3', 'Manual on guidelines for incorporating gender into sustainable land management outscaling.'),
(12, 7, '3.1', 'CO_3.1.2', 'Mapping, data and tools to support gender and site specific planning of restoration interventions', '2015-102-2', 'Agroforestry, biodiversity and other ecosystem services in Central America for improved productivity and resilience of smallholder agriculture', '2015-102-2-1', 'Digital soil maps for target study site rolled out/released'),
(13, 7, '3.2', 'CO_3.2.2', 'Mapping, data and tools to support gender and site specific planning of restoration interventions', '2015-102-3', 'Harnessing natural resource management strategies to regenerate degraded agroecosystems: From farm-scale to landscapes', '2015-102-3-2', 'Empirical data on the role that soil type (mineralogy and texture) and land cover as well as slope position and lengths have on  water and nitrogen dynamics in landscapes'),
(14, 7, '3.1', 'CO_3.1.2', 'Mapping, data and tools to support gender and site specific planning of restoration interventions', '2015-104-2', 'Combating land degradation and improving productivity through integrated watershed management, monitoring and community participation', '2015-104-2-1', 'SWC user-guideline: short report, sketches and explanations. Field experimental findings will be transferred into easily understandable guidelines for proper design and adaptation of SoilWaterConservation measures considering variable conditions of the landscape.'),
(15, 7, '3.1', 'CO_3.1.2', 'Mapping, data and tools to support gender and site specific planning of restoration interventions', '2015-104-2', 'Combating land degradation and improving productivity through integrated watershed management, monitoring and community participation', '2014-104-2-4', 'Watershed monitoring manual, providing knowledge about guaging station construction, measuring equipment and sample taking'),
(16, 7, '3.1', 'CO_3.1.3', 'Analysis and guidelines to identify and address constraints to adoption and institutional and policy options', '2015-101-10', 'Contributing to the resilience of agricultural landscapes through improved seed system', '2015-101-10-4', 'Three policy briefs analyzing and proposing policy options for improvement of seed systems, with emphasis on local seed systems.'),
(17, 7, '3.1', 'CO_3.1.3', 'Analysis and guidelines to identify and address constraints to adoption and institutional and policy options', '2015-101-9', 'Agricultural biodiversity to improve regulating and supporting ecosystem services in agriculture landscapes in water scarce environments of Central Asia', '2015-101-9-3 ', 'Analysis of gaps in national policies on agricultural development in water-scarce environments and existing institutional framework'),
(18, 7, '3.2', 'CO_3.2.2', 'Mapping, data and tools to support gender and site specific planning of restoration interventions', '2015-102-1', 'Addressing the challenges to sustainable land management through understanding of institutional, social, economic and biophysical constraints to adoption and designing incentives to overcome these obstacles.', '2015-102-1-1', 'Manuals containing guidelines on:  1. Improving adoption of sustainable land management through consideration of constraints preventing adoption'),
(19, 7, '3.2', 'CO_3.1.3', 'Analysis and guidelines to identify and address constraints to adoption and institutional and policy options', '2015-102-6', 'Sustainable development options and land-use based alternatives to: Enhance climate change mitigation and adaptation capacities in the Colombian and Peruvian Amazon, while enhancing ecosystem services and local livelihoods', '2015-102-6-1', 'Policy brief with main bottlenecks that impede implementation of PES and recommendations to overcome these barriers'),
(20, 7, '3.1', 'CO_3.1.4', 'Approaches and tools for ecosystem services quantification,  analysis and valuation', '2015-101-1', 'Providing ecosystem services and resilience through the use of agricultural biodiveristy within production ssystems of  in South Asia (Nepal, Sri Lanka)', '2015-101-1-2', 'Identify a provisional set of indicators of socio-ecological resilience, sustainability and diversity'),
(21, 7, '3.1', 'CO_3.1.4', 'Approaches and tools for ecosystem services quantification,  analysis and valuation', '2015-102-3', 'Harnessing natural resource management strategies to regenerate degraded agroecosystems: From farm-scale to landscapes', '2015-102-3-3', 'Develop stakeholder-driven score cards for ecosystem valuation, ranking and prioritization in terms of environmental integrity and livelihoods (2015).'),
(22, 7, '3.2', 'CO_3.1.4', 'Approaches and tools for ecosystem services quantification,  analysis and valuation', '2015-108-3', 'Enhancing the value of ecosystem services in pastoral systems', '2015-108-3-1', ' Participatory identification of priority ecosystem services together with their sources, flow and threats and governance. We aim at a gender disaggregated information.'),
(23, 7, '3.2', 'CO_3.1.4', 'Approaches and tools for ecosystem services quantification,  analysis and valuation', '2015-106-14', 'Promoting insect-based ecosystem services in smallholder landscapes in Southeast Asia', '2015-106-14-2', 'Spatially explicit agent-based model of agricultural households  '),
(24, 7, '3.2', 'CO_3.2.5', 'New data and scientific evidence on rehabilitation of soils and soil carbon and contribution to ecosystem services', '2015-102-1', 'Addressing the challenges to sustainable land management through understanding of institutional, social, economic and biophysical constraints to adoption and designing incentives to overcome these obstacles.', '2015-102-1-4', 'Soil quality data, as well as final values for ecosystem services associated with different land management activities, will be made available for extension officers, district planners and researchers'),
(25, 7, '3.1', 'CO_3.1.5', 'New data and scientific evidence on rehabilitation of soils and soil carbon and contribution to ecosystem services', '2015-102-8', 'Reinvesting in soil quality: the basis for long-term gains in productivity and ecosystem services in East, West and Southern Africa', '2015-102-8-1', 'Soil information and data used to quantify ecosystem services will be made publicly available for those sites for which analyses has been completed by the end of 2015.'),
(26, 7, '3.2', 'CO_3.2.5', 'New data and scientific evidence on rehabilitation of soils and soil carbon and contribution to ecosystem services', '2015-103-2', 'Defining management strategies to improve water use efficiency and soil carbon stocks in rainfed systems and modeling their impact at different spatial and temporal scales', '2015-103-2-1', 'A simulation model to assess soil carbon and land use dynamics, satellite ancilliary data to reconstruct geospatial daily rainfall in arid and semi-arid areas'),
(27, 7, '3.2', 'CO_3.2.5', 'New data and scientific evidence on rehabilitation of soils and soil carbon and contribution to ecosystem services', '2015-105-8', 'Facilitating watershed management in Yewol Watershed of the Nile Basin, Ethiopia and Angonia-Moatize transect of Zambezi Basin, Mozambique for Improved Food Security and Ecosystem Services', '2015-105-8-4', 'Research report on identification of niches for integration of technologies at farm and landscape scales (Oct 15)'),
(28, 7, '3.1', 'CO_3.1.5', 'New data and scientific evidence on rehabilitation of soils and soil carbon and contribution to ecosystem services', '2015-105-8', 'Facilitating watershed management in Yewol Watershed of the Nile Basin, Ethiopia and Angonia-Moatize transect of Zambezi Basin, Mozambique for Improved Food Security and Ecosystem Services', '2015-105-8-3', '~A published paper on the benefits of soil and water conservation on minimizing effects of local level climate variability'),
(29, 7, '3.2', 'CO_3.2.5', 'New data and scientific evidence on rehabilitation of soils and soil carbon and contribution to ecosystem services', '2015-107-1', 'Assessing, understanding and targeting non-responsive soils for improved crop production in smallholder farms in sub-Saharan Africa', '2015-107-1-1', 'Diagnostic and management scheme developed to address non-responsiveness of soils'),
(30, 7, '3.2', 'CO_3.2.5', 'New data and scientific evidence on rehabilitation of soils and soil carbon and contribution to ecosystem services', '2015-107-1', 'Assessing, understanding and targeting non-responsive soils for improved crop production in smallholder farms in sub-Saharan Africa', '2015-107-1-2', 'Decision support tool to target improved management of non-responsiveness in maize and soybean cropping.'),
(31, 7, '3.1', 'CO_3.1.6', 'Diagnostics and indicators linking management options to ecosystem services, exploring trade offs,  social-ecological resilience and sustainability', '2015-101-10', 'Contributing to the resilience of agricultural landscapes through improved seed systems', '2015-101-10-5', 'Two reports of the application of the Indicators of Resilience in Socio-Ecological Production Landscapes to two selected project sites to assess impact of intra-specific crop diversity.'),
(32, 7, '3.1', 'CO_3.1.6', 'Diagnostics and indicators linking management options to ecosystem services, exploring trade offs,  social-ecological resilience and sustainability', '2015-101-3', 'Use of agrobiodiversity for ecosystem resilience in managed and natural landscapes of Cuba', '2015-101-3-1', 'Identification of the driving forces, practices and strategies that contribute to resilience at the landscape-, farming system- and species-level in tropical agro-ecosystems. Reporting on the influence of different farming systems and practices on the surrounding natural areas.'),
(33, 7, '3.3', 'CO_3.3.6', 'Diagnostics and indicators linking management options to ecosystem services, exploring trade offs,  social-ecological resilience and sustainability', '2015-102-2', 'Agroforestry, biodiversity and other ecosystem services in Central America for improved productivity and resilience of smallholder agriculture', '2015-102-2-2', ' Best bet practices with assessment on productivity and provisioning of ESS at plot scale.'),
(34, 7, '3.1', 'CO_3.1.6', 'Diagnostics and indicators linking management options to ecosystem services, exploring trade offs,  social-ecological resilience and sustainability', '2015-102-4', 'Addressing the challenges of smallholder farming communities: Restoring Degraded Agro-ecosystems', '2015-102-4-1', 'A report on identified best bet practices (in AgroForestrySystems) with assessment on productivity and provisioning of ESS at plot scale.'),
(35, 7, '3.1', 'CO_3.1.6', 'Diagnostics and indicators linking management options to ecosystem services, exploring trade offs,  social-ecological resilience and sustainability', '2015-105-4 ', 'Watershed based management of natural resources for improved productivity and sustained environmental services', '2015-105-4-2', 'Calibrated and validated SWAT model to simulate the hydrological and ecological responses to changes in management (SoilWaterConservation measures)'),
(36, 7, '3.2', 'CO_3.2.6', 'Diagnostics and indicators linking management options to ecosystem services, exploring trade offs,  social-ecological resilience and sustainability', '2015-105-5', 'Quantification and valuation of Ecosystem Services in different rainfall, socio-economic and agro-ecological regions', '2015-105-5-1', 'Watershed/community scale data base (hydrology, meteorology, land use, bio-physical characterization, cropping system, water resources, socio-economic details) available for different rainfall and ago-climatic and socioeconomic regions for taking up scaling-up research and system level analysis'),
(37, 7, '3.2', 'CO_3.2.6', 'Diagnostics and indicators linking management options to ecosystem services, exploring trade offs,  social-ecological resilience and sustainability', '2015-108-3', 'Enhancing the value of ecosystem services in pastoral systems', '2015-108-3-3', 'Participatory scenario analysis of the impact of different land use management practicies  on ecosystems and ecosystem services in grassland and rangelandas'),
(38, 7, '3.3', 'CO_3.3.5', 'New data and scientific evidence on agro-biodiversity and contribution to ecosystem services', '2015-101-2', 'Positive Externalities and Trade-offs: Generating Valuation Information for the Capture of Agrobiodiversity-relevant Ecosystem Values for Improved Livelihoods', '2015-101-2-1', 'Database containing relevant project data related to case study AgroBioDiversity-relevant socio-economic and ecosystem service baseline values'),
(39, 7, '3.1', 'CO_3.1.5', 'New data and scientific evidence on agro-biodiversity and contribution to ecosystem services', '2015-101-3', 'Use of agrobiodiversity for ecosystem resilience in managed and natural landscapes of Cuba', '2015-101-3-2', 'GIS mapping of the 270 farms including distribution of agrobiodiversity, soil types and vegetation cover'),
(40, 7, '3.1', 'CO_3.1.5', 'New data and scientific evidence on agro-biodiversity and contribution to ecosystem services', '2015-101-6', 'Global agrobiodiversity information system in support of agro-ecosystem services restoration strategies', '2015-101-6-2', 'Inventory of globally available information on ABD relevant to target sites and ecosystem services in WLE blue Nile region'),
(41, 7, '3.1', 'CO_3.1.5', 'New data and scientific evidence on agro-biodiversity and contribution to ecosystem services', '2015-101-6', 'Global agrobiodiversity information system in support of agro-ecosystem services restoration strategies', '2015-101-6-3', 'Standards and best practices identified for collecting, annotating, and integrating data and for systems interoperability (for ABD?)'),
(42, 7, '3.3', 'CO_3.3.7', 'Improving understanding of valuation of ESS associated with different land management activities', '2015-101-2', 'Positive Externalities and Trade-offs: Generating Valuation Information for the Capture of Agrobiodiversity-relevant Ecosystem Values for Improved Livelihoods', '2015-101-2-2', 'Identification and mapping of potential service beneficiary and purchaser entities for PACS (payments for agrobiodiversity conservation services) , identification of existing corporate social responsibility programmes, engagement with private sector'),
(43, 7, '3.1', 'CO_3.1.7', 'Improving understanding of valuation of ESS associated with different land management activities', '2015-101-3', 'Use of agrobiodiversity for ecosystem resilience in managed and natural landscapes of Cuba', '2015-101-3-3', 'Capacity building of national project team in certification schemes; Develop capacity building plan to address agrobiodiversity maintenance and utilization including action plan to implement training for extension workers, technicians and local communities.'),
(44, 7, '3.1', 'CO_3.1.7', 'Improving understanding of valuation of ESS associated with different land management activities', '2015-102-1', 'Addressing the challenges to sustainable land management through understanding of institutional, social, economic and biophysical constraints to adoption and designing incentives to overcome these obstacles.', '2015-102-1-4', 'Values for ecosystem services associated with different land management activities'),
(45, 7, '3.2', 'CO_3.2.8', 'Suites of sustainable livelihood options, their costs and benefits for women, youth and men', '2015-102-1', 'Addressing the challenges to sustainable land management through understanding of institutional, social, economic and biophysical constraints to adoption and designing incentives to overcome these obstacles.', '2015-102-1-3', 'Manual on guidelines for incorporating gender into sustainable land management outscaling'),
(46, 7, '3.1', 'CO_3.1.8', 'Suites of sustainable livelihood options, their costs and benefits for women, youth and men', '2015-105-4 ', 'Watershed based management of natural resources for improved productivity and sustained environmental services', '2015-105-4-3 ', 'Tools to assess productivity, profitability of variosu enterprises and management practices employed by smallholder farmers in Ethiopia'),
(47, 9, '4.1', 'CO_4.1.1', 'Number/ Quantity of research products developed for investment options in RRR', '2015-109-28', 'RRR Business Models', '2015-109-28-1  ', 'Research report: Industry drivers for different RRR end uses- energy, nutrient and water in Ghana, Kenya, Ethiopia and Uganda  '),
(48, 9, '4.1', 'CO_4.1.1', 'Number/ Quantity of research products developed for investment options in RRR', '2015-109-28', 'RRS Business Models', '2015-109-28-2 ', 'Research report: Development of guidelines for an ex-ante assessment of the economic impact of RRR businesses based on relevant indicators      '),
(49, 9, '4.1', 'CO_4.1.1', 'Number/ Quantity of research products developed for investment options in RRR', '2015-109-28', 'RRR Business Models', '2015-109-28-3 ', 'Field visit reports from 2 to 3 countries: On farm options for safe wastewater reuse  '),
(50, 9, '4.1', 'CO_4.1.1', 'Number/ Quantity of research products developed for investment options in RRR', '2015-109-28', 'RRR Business Models', '2015-109-28-5', 'Guidelines - Business case analysis methodology'),
(51, 9, '4.1', 'CO_4.1.1', 'Number/ Quantity of research products developed for investment options in RRR', '2015-109-28', 'RRR Business Models', '2015-109-28-6  ', 'Identification of RRR sector investment climate indicators and ecosystems impacted by RRR through a stakholder workshop'),
(52, 9, '4.1', 'CO_4.1.1', 'Number/ Quantity of research products developed for investment options in RRR', '2015-109-28', 'RRR Business Models', '2015-109-28-7 ', 'Development of analytical and data collection framework ? CGE modeling '),
(53, 9, '4.1', 'CO_4.1.1', 'Number/ Quantity of research products developed for investment options in RRR', '2015-109-28', 'RRR Business Models', '2015-109-28-8', 'Socio-economic analysis ? Cost-Benefit Analysis of RRR Business Models'),
(54, 9, '4.1', 'CO_4.1.1', 'Number/ Quantity of research products developed for investment options in RRR', '2015-109-28', 'RRR Business Models', '2015-109-28-9', ' Analysis of market data ? Choice modeling and Contingent Valuation analyses   '),
(55, 9, '4.1', 'CO_4.1.1', 'Number/ Quantity of research products developed for investment options in RRR', '2015-109-29', 'Fecal Sludge Business Testing in South Asia', '2015-109-29-1', 'Fecal sludge business models report'),
(56, 9, '4.1', 'CO_4.1.2', 'Number / coverage of feasibility assessments of RRR business models for implementation', '2015-109-30', 'Fecal Sludge Business Testing in South Asia', '2015-109-30-3    ', 'Feasibility studies and market assessments in Kumasi and Accra'),
(57, 9, '4.1', 'CO_4.1.3', 'Number / coverage of pilots initiated and production plants established AID 23', '2015-109-29', 'Fecal Sludge Business Testing in South Asia', '2015-109-29-4', 'Septage management guideline and policy paper  '),
(58, 9, '4.1', 'CO_4.1.3', 'Number / coverage of pilots initiated and production plants established AID 23', '2015-109-30', 'RRR Business Model Testing in West Africa', '2015-109-30-1 ', 'Kick-off meetings under CapVal  '),
(59, 9, '4.1', 'CO_4.1.3', 'Number / coverage of pilots initiated and production plants established AID 23', '2015-109-30', 'RRR Business Model Testing in West Africa', '2015-109-30-5', 'New products certified and registered (WaFo) '),
(60, 9, '4.1', 'CO_4.1.3', 'Number / coverage of pilots initiated and production plants established AID 23', '2015-109-30', 'RRR Business Model Testing in West Africa', '2015-109-30-2', 'Fortifer plant constructed in Tema'),
(61, 9, '4.1', 'CO_4.1.3', 'Number / coverage of pilots initiated and production plants established AID 23', '2015-109-29', 'Fecal Sludge Business Testing in South Asia', '2015-109-29-3', 'Pelletization plan field trials'),
(62, 9, '4.1', 'CO_4.1.5', 'International publications (ISI journalsAID 9) and RRR report series in association with international partners aimed at influencing investors and business schools (indicate separately where these reports are considered tools - whether guidelines, training manuals, or decision-support productsAID 4)', '2015-109-31', 'Regional & International Outreach support for the whole Flagship', '2015-109-31-1', '5 new issues of the RRR report series, including one on Gender'),
(63, 9, '4.1', 'CO_4.1.5', 'International publications (ISI journalsAID 9) and RRR report series in association with international partners aimed at influencing investors and business schools (indicate separately where these reports are considered tools - whether guidelines, training manuals, or decision-support productsAID 4)', '2015-109-31', 'Regional & International Outreach support for the whole Flagship', '2015-109-31-2', 'Drechsel, P. Qadir, M. and D. Wichelns. 2015. Wastewater: An Economic Asset in an Urbanizing World. Springer.  '),
(64, 9, '4.1', 'CO_4.1.5', 'International publications (ISI journalsAID 9) and RRR report series in association with international partners aimed at influencing investors and business schools (indicate separately where these reports are considered tools - whether guidelines, training manuals, or decision-support productsAID 4)', '2015-109-31', 'Regional & International Outreach support for the whole Flagship', '2015-109-31-3', 'Otoo, M. and P. Drechsel. 2015. Resource Recovery from Waste: Business Models for Energy, Nutrient and Water Reuse. Submitted to Earthscan.   '),
(65, 9, '4.1', 'CO_4.1.5', 'International publications (ISI journalsAID 9) and RRR report series in association with international partners aimed at influencing investors and business schools (indicate separately where these reports are considered tools - whether guidelines, training manuals, or decision-support productsAID 4)', '2015-109-31', 'Regional & International Outreach support for the whole Flagship', '2015-109-31-4', 'Heffer, P., Drechsel, P. Wichelns, D., Singh, H., Magen H. 2015. Managing Water and Fertilizer for Sustainable Agricultural Intensification. IFA, IWMI, IPNI and IP'),
(66, 9, '4.1', 'CO_4.1.5', 'International publications (ISI journalsAID 9) and RRR report series in association with international partners aimed at influencing investors and business schools (indicate separately where these reports are considered tools - whether guidelines, training manuals, or decision-support productsAID 4)', '2015-109-31', 'Regional & International Outreach support for the whole Flagship', '2015-109-31-5', ' Zeeuw, H. de and P. Drechsel 2015. Cities and Agriculture: Developing Resilient Urban Food Systems. Earthscan.'),
(67, 9, '4.1', 'CO_4.1.6', 'Quality of products delivered (as evidenced by qualitative feedback from key stakeholders and number of publications)', '2015-109-29', 'Fecal Sludge Business Testing in South Asia', '2015-109-29-2    ', 'Dialogue with WSP and potentially ADB to target selected Asian countries ? Sri Lanka, India, potentially Nepal and Vietnam'),
(68, 9, '5.1', 'CO_5.1.1', 'New scientific evidence on impact of climate and water variability on food security and the potential of irrigaiton and climate forecasting to mitigate negative consequences ', '2015-106-13', 'NSF: Belmont Forum-G8 Initiative collaborative research: Southern Africa''s hydro-economy and water security: SAHEWS Award #1342742', '2015-106-13-1', '1 paper on the impact of enhanced climate forecasting skills on the agricultural economics of southern Africa'),
(69, 9, '5.1', 'CO_5.1.1', 'New scientific evidence on impact of climate and water variability on food security and the potential of irrigaiton and climate forecasting to mitigate negative consequences ', '2015-106-14', 'NSF: Belmont Forum-G8 Initiative collaborative research: Southern Africa''s hydro-economy and water security: SAHEWS Award #1342743', '2015-106-13-2', '1 report on the use of forecasting information by important water, energy and food sector stakeholders in southern Africa'),
(70, 9, '5.1', 'CO_5.1.1', 'New scientific evidence on impact of climate and water variability on food security and the potential of irrigaiton and climate forecasting to mitigate negative consequences ', '2015-106-15', 'NSF: Belmont Forum-G8 Initiative collaborative research: Southern Africa''s hydro-economy and water security: SAHEWS Award #1342744', '2015-106-13-3', '1 draft paper on the impact of climate and water variability on water and food security in southern Africa'),
(71, 9, '5.1', 'CO_5.1.2', '''New scientific evidence on the opportunities to exploit subsurface solutions to floods and droughts, mitigating their negative consequences', '2015-109-42', 'Gangetic Aquifer Management for Environmental and Social outcomes (GAMES)', '2015-109-42-3', 'Calibrated and freely available Groundwater (MODFLOW) and surface water(SWAT) models for the RamGanga sub-basin, and nested basin within it?through IWMI Modelling Inventory online (India);'),
(72, 9, '5.1', 'CO_5.1.2', '''New scientific evidence on the opportunities to exploit subsurface solutions to floods and droughts, mitigating their negative consequences', '2015-109-42', 'Gangetic Aquifer Management for Environmental and Social outcomes (GAMES)', '2015-109-42-2', 'A set of publications describing the fesibility of the GAMES concept '),
(73, 9, '5.1', 'CO_5.1.2', '''New scientific evidence on the opportunities to exploit subsurface solutions to floods and droughts, mitigating their negative consequences', '2015-109-40', 'Mitigating major floodwater impacts in Asia: The subsurface solution for damage control and livelihood enhancement', '2015-109-40-2', 'Expanded UTFI mapping for Asia '),
(74, 9, '5.1', 'CO_5.1.2', '''New scientific evidence on the opportunities to exploit subsurface solutions to floods and droughts, mitigating their negative consequences', '2015-109-40', 'Mitigating major floodwater impacts in Asia: The subsurface solution for damage control and livelihood enhancement', '2015-109-40-3', 'Detailed socio-economic assessment costs and benefits of UTFI relative to alternative flood management strategies'),
(75, 9, '5.1', 'CO_5.1.2', '''New scientific evidence on the opportunities to exploit subsurface solutions to floods and droughts, mitigating their negative consequences', '2015-109-40', 'Mitigating major floodwater impacts in Asia: The subsurface solution for damage control and livelihood enhancement', '2015-109-40-4', 'Field validation of institutional models for UTFI in Ganges'),
(76, 9, '5.1', 'CO_5.1.2', '''New scientific evidence on the opportunities to exploit subsurface solutions to floods and droughts, mitigating their negative consequences', '2015-109-40', 'Mitigating major floodwater impacts in Asia: The subsurface solution for damage control and livelihood enhancement', '2015-109-40-5', 'Detailed field and modeling analysis in one sub-basin of Ganges'),
(77, 9, '5.1', 'CO_5.1.3', 'New evidence of economic, social and environmental benefits of conjunctive use of natural and built infrasturcture for water management', '2015-109-3', 'Creating reservoir wetlands for fisheries and other ecosystem services', '2015-109-3-1', 'Monitoring  to evaluate both biophysical and the socio-economic ? including gendered - aspects of wetland creation within a reservoir'),
(78, 9, '5.1', 'CO_5.1.3', 'New evidence of economic, social and environmental benefits of conjunctive use of natural and built infrasturcture for water management', '2015-109-3', 'Creating reservoir wetlands for fisheries and other ecosystem services', '2015-109-3-2', 'Assessment of the effectiveness of the wetlands for reservoir fisheries. Lessons  that relate to : engineering, ecology, livelihoods, gender, and management (reports);'),
(79, 9, '5.1', 'CO_5.1.3', 'New evidence of economic, social and environmental benefits of conjunctive use of natural and built infrasturcture for water management', '2015-109-3', 'Creating reservoir wetlands for fisheries and other ecosystem services', '2015-109-3-3', 'Policy briefs (''Lessons learned from the study will be summarized in easily accessible policy briefs'')'),
(80, 9, '5.1', 'CO_5.1.3', 'New evidence of economic, social and environmental benefits of conjunctive use of natural and built infrasturcture for water management', '2015-109-3', 'Creating reservoir wetlands for fisheries and other ecosystem services', '2015-109-3-4', 'Stakeholder consultations with local communities and relevant regional and national institutions'),
(81, 9, '5.1', 'CO_5.1.3', 'New evidence of economic, social and environmental benefits of conjunctive use of natural and built infrasturcture for water management', '2015-109-2', 'Optimizing water resource development for poverty alleviation: combining Green (natural) and Grey (built) infrastructure', '2015-109-2-1', 'Assessment of malaria risk reductiojn in Africa due to improved reservoir management'),
(82, 9, '5.1', 'CO_5.1.3', 'New evidence of economic, social and environmental benefits of conjunctive use of natural and built infrasturcture for water management', '2015-109-2', 'Optimizing water resource development for poverty alleviation: combining Green (natural) and Grey (built) infrastructure', '2015-109-2-1', 'Scientific and communication products'),
(83, 9, '5.1', 'CO_5.1.3', 'New evidence of economic, social and environmental benefits of conjunctive use of natural and built infrasturcture for water management', '2015-109-2', 'Optimizing water resource development for poverty alleviation: combining Green (natural) and Grey (built) infrastructure', '2015-109-2-2', 'Policy briefs (''Policy briefs will be produced to convert scientific findings into policy specific recommendations'')'),
(84, 9, '5.1', 'CO_5.1.3', 'New evidence of economic, social and environmental benefits of conjunctive use of natural and built infrasturcture for water management', '2015-109-1', 'Water Infrastructure Solutions from Ecosystem Services Underpinning Climate Resilient Policies and Programmes (WISE-UP to Climate)', '2015-109-1-1', 'Research catchments in Tana and Volta basins established and operational (30/06/15)'),
(85, 9, '5.1', 'CO_5.1.3', 'New evidence of economic, social and environmental benefits of conjunctive use of natural and built infrasturcture for water management', '2015-109-1', 'Water Infrastructure Solutions from Ecosystem Services Underpinning Climate Resilient Policies and Programmes (WISE-UP to Climate)', '2015-109-1-2', 'Evaluation and mapping of ESs in each basin to provide understanding of current geographic distribution'),
(86, 9, '5.1', 'CO_5.1.3', 'New evidence of economic, social and environmental benefits of conjunctive use of natural and built infrasturcture for water management', '2015-109-1', 'Water Infrastructure Solutions from Ecosystem Services Underpinning Climate Resilient Policies and Programmes (WISE-UP to Climate)', '2015-109-1-3', 'SWAT model of the Tana and Volta River basins both configured and used for assessment of climate change scenarios (31/12/15)'),
(87, 9, '5.1', 'CO_5.1.3', 'New evidence of economic, social and environmental benefits of conjunctive use of natural and built infrasturcture for water management', '2015-109-36', 'Environmentally Sustainable Water Storage Management and Operation in Sri Lanka', '2015-109-36-2 ', 'A database and a report on all data acquired from the Irrigation Department in Anuradhapura (to be shared with the Department), Up to 5 Journal papers/research reports /conference papers, Installation and Maintenance Manual on Mobile Weather Stations for improved reservoir management, A Guideline document on Designing Storage Scenarios in Sri Lanka.'),
(88, 9, '5.1', 'CO_5.1.3', 'New evidence of economic, social and environmental benefits of conjunctive use of natural and built infrasturcture for water management', '2015-109-36', 'Environmentally Sustainable Water Storage Management and Operation in Sri Lanka', '2015-109-36-4', 'Water allocation  models for two contrasting basins in SL, Area Volume curves for major reservoirs within the two basins through the use of RS (methodology and results)'),
(89, 9, '5.2', 'CO_5.2.4', 'Models and datasets to characterize the impact of fertilizer and nutrients on agricultural production and water quality', '2015-104-1', 'Quantification of nitrogen dynamics and flows and mitigation of its losses in agricultural systems in the Indus basin of Pakistan', '2015-104-1-1', 'SWAT model for estimating N-Budget in different agro-eco systems of Indus basin'),
(90, 9, '5.2', 'CO_5.2.4', 'Models and datasets to characterize the impact of fertilizer and nutrients on agricultural production and water quality', '2015-104-1', 'Quantification of nitrogen dynamics and flows and mitigation of its losses in agricultural systems in the Indus basin of Pakistan', '2015-104-1-2', 'A report on optimizing fertilizer use in different agro-eco systems of Indus basin'),
(91, 9, '5.2', 'CO_5.2.4', 'Models and datasets to characterize the impact of fertilizer and nutrients on agricultural production and water quality', '2015-104-1', 'Quantification of nitrogen dynamics and flows and mitigation of its losses in agricultural systems in the Indus basin of Pakistan', '2015-104-1-3', 'An interactive N framework comprised of databases, models and reports on the integrated N budgets and flows in the various sub-basins and agro-ecological zones of the Indus basin'),
(92, 9, '5.2', 'CO_5.2.4', 'Models and datasets to characterize the impact of fertilizer and nutrients on agricultural production and water quality', '2015-106-10', 'Global water quality modeling ? a model application to assess environmental benefit of land conservation and enhancing model capacity of simulating linkage between livestock production and water quality', '2015-106-10-1', 'Global datasets characterizing the status of conservation tillage technology adoption and improved estimates of'),
(93, 9, '5.2', 'CO_5.2.4', 'Models and datasets to characterize the impact of fertilizer and nutrients on agricultural production and water quality', '2015-106-10', 'Global water quality modeling ? a model application to assess environmental benefit of land conservation and enhancing model capacity of simulating linkage between livestock production and water quality', '2015-106-10-2', 'Report on main findings from technology evaluation analysis, public risk assessment and other relevant water quality simulation results obtained using the improved global water quality modeling system'),
(94, 9, '5.2', 'CO_5.2.5', 'Recommendations for balancing ecosystem services with water resource development decisions', '2015-109-43', 'Environmental Water Requirements of Freshwater Ecosystems ? Global Assessment', '2015-109-43-2', ' A set of global high-resolution data sets for environmental flow and groundwater thresholds - online - to support relevant SDG target'),
(95, 9, '5.2', 'CO_5.2.5', 'Recommendations for balancing ecosystem services with water resource development decisions', '2015-111-1', 'Informing the design of fish passes in the Mekong', '2015-111-1-4', 'Data on fish migration in the Khone Falls of Laos'),
(96, 9, '5.2', 'CO_5.2.5', 'Recommendations for balancing ecosystem services with water resource development decisions', '2015-111-1', 'Informing the design of fish passes in the Mekong', '2015-111-1-1', 'A synthesis report detailing the relationships between migratory species and i) passable current speeds and ii) river bed slope and conditions'),
(97, 9, '5.2', 'CO_5.2.5', 'Recommendations for balancing ecosystem services with water resource development decisions', '2015-111-1', 'Informing the design of fish passes in the Mekong', '2015-111-1-2', 'A communication event at the regional level to managers or developers'),
(98, 9, '5.2', 'CO_5.2.5', 'Recommendations for balancing ecosystem services with water resource development decisions', '2015-111-1', 'Informing the design of fish passes in the Mekong', '2015-111-1-3', 'A peer review publication'),
(99, 9, '5.2', 'CO_5.2.5', 'Recommendations for balancing ecosystem services with water resource development decisions', '2015-109-60', 'Traditional and socio-hydrological approaches to ecosystem services (ESS)  assessments using SWAT', '2015-109-60-1', 'Paper on socio-hydrological approach for incorporating gender biophysical models and implications for integrated water resources planning'),
(100, 9, '5.2', 'CO_5.2.5', 'Recommendations for balancing ecosystem services with water resource development decisions', '2015-109-60', 'Traditional and socio-hydrological approaches to ecosystem services (ESS)  assessments using SWAT', '2015-109-60-2', 'Finalized guidelines developed by the 2014 SWAT Community of Practice meeting for assessing ecosystem services using SWAT '),
(101, 9, '5.2', 'CO_5.2.5', 'Recommendations for balancing ecosystem services with water resource development decisions', '2015-109-60', 'Traditional and socio-hydrological approaches to ecosystem services (ESS)  assessments using SWAT', '2015-109-60-3', 'SWAT Community of Practice meeting'),
(102, 9, '5.2', 'CO_5.2.5', 'Recommendations for balancing ecosystem services with water resource development decisions', '2015-109-60', 'Traditional and socio-hydrological approaches to ecosystem services (ESS)  assessments using SWAT', '2015-109-60-4', 'Contribute to review paper on SWAT use for ecosystem services assessment and new SRTP product'),
(103, 9, '5.2', 'CO_5.2.5', 'Recommendations for balancing ecosystem services with water resource development decisions', '2015-102-10', 'Anticipation of consequences of implementing Rewards for Ecosystem Services (RES) in Peru on livelihoods, equity and gender issues', '2015-102-10-1 ', 'Baseline data on livelihoods and equity in RES scheme area'),
(104, 9, '5.2', 'CO_5.2.5', 'Recommendations for balancing ecosystem services with water resource development decisions', '2015-102-10', 'Anticipation of consequences of implementing Rewards for Ecosystem Services (RES) in Peru on livelihoods, equity and gender issues', '2015-102-10-2', 'Policy brief regarding the role of RES schemes in enhancing social conditions of ES provision areas in the Andes'),
(105, 9, '5.2', 'CO_5.2.5', 'Recommendations for balancing ecosystem services with water resource development decisions', '2015-109-38', 'Building Climate Resilience of Watersheds in Mountain Eco-Regions of Nepal: Monitoring the impacts of watershed interventions', '2015-102-38-2', 'Lit review from watershed level studies conducted in Himalayas '),
(106, 9, '5.2', 'CO_5.2.5', 'Recommendations for balancing ecosystem services with water resource development decisions', '2015-109-38', 'Building Climate Resilience of Watersheds in Mountain Eco-Regions of Nepal: Monitoring the impacts of watershed interventions', '2015-109-38-3', 'Network of climate and hydrological monitoring stations'),
(107, 9, '5.2', 'CO_5.2.5', 'Recommendations for balancing ecosystem services with water resource development decisions', '2015-19-38', 'Building Climate Resilience of Watersheds in Mountain Eco-Regions of Nepal: Monitoring the impacts of watershed interventions', '2015-109-38-5', 'Hydrological models of study watersheds'),
(108, 9, '5.2', 'CO_5.2.5', 'Recommendations for balancing ecosystem services with water resource development decisions', '2015-109-6', 'Four Basin Gender Profiles', '2015-109-6-1', 'A core set of quantitative sex/gender disaggregated indicators displayed on static geo-referenced basin-level maps for each of the four basins'),
(109, 9, '5.2', 'CO_5.2.5', 'Recommendations for balancing ecosystem services with water resource development decisions', '2015-109-6', 'Four Basin Gender Profiles', '2015-109-6-2', 'Web-based interactive tool that collates all the project data as an information source for researchers, practitioners, donors, government and other stakeholders'),
(110, 9, '5.2', 'CO_5.2.6', 'Techical and policy recommendations for  sustainable groundwater development ', '2015-106-9', 'Enhancing groundwater simulation in the IMPACT-Water model for assessment of groundwater irrigation sustainability and food production impacts', '2015-106-9-1', 'Paper on the development, parameterization, and application of the newly developed global groundwater module and integration of the module into the IMPACT Modeling System'),
(111, 9, '5.2', 'CO_5.2.6', 'Techical and policy recommendations for  sustainable groundwater development ', '2015-106-9', 'Enhancing groundwater simulation in the IMPACT-Water model for assessment of groundwater irrigation sustainability and food production impacts', '2015-106-9-4', 'Paper/report on policy recommendations for promoting sustainable groundwater use in agriculture and revitalization of groundwater-dependent ecosystem services in the study regions'),
(112, 9, '5.2', 'CO_5.2.6', 'Techical and policy recommendations for  sustainable groundwater development ', '2015-109-37', 'Sustainable Groundwater in Africa', '2015-109-37-1', 'Journal paper on determining sustainable groundwater availability and use from recession flow and environmental flow requirements in Africa'),
(113, 9, '5.2', 'CO_5.2.6', 'Techical and policy recommendations for  sustainable groundwater development ', '2015-109-37', 'Sustainable Groundwater in Africa', '2015-109-37-3', 'Framework document on Groundwater and Ecosystem Services and Resilience'),
(114, 9, '5.2', 'CO_5.2.6', 'Techical and policy recommendations for  sustainable groundwater development ', '2015-109-37', 'Sustainable Groundwater in Africa', '2015-109-37-2', 'A book on Global Groundwater Governance and Management'),
(115, 9, '5.2', 'CO_5.2.6', 'Techical and policy recommendations for  sustainable groundwater development ', '2015-109-35', 'Enhancing the resilience and productivity of rainfed dominated systems in Lao PDR through sustainable groundwater use', '2015-109-35-2', 'National map of groundwater development potential '),
(116, 9, '5.2', 'CO_5.2.6', 'Techical and policy recommendations for  sustainable groundwater development ', '2015-109-35', 'Enhancing the resilience and productivity of rainfed dominated systems in Lao PDR through sustainable groundwater use', '2015-109-35-3', 'Policy brief on governance challenges and pathways forward'),
(117, 9, '5.2', 'CO_5.2.6', 'Techical and policy recommendations for  sustainable groundwater development ', '2015-109-35', 'Enhancing the resilience and productivity of rainfed dominated systems in Lao PDR through sustainable groundwater use', '2015-109-35-4', 'Village-level farming systems analysis of sustainable intensification in a rainfed lowland setting'),
(118, 9, '5.2', 'CO_5.2.7', 'Recommendations for improved groundwater governance', '2015-106-6', 'Experimental Games for Strengthening Collective Action:  Learning from Field Experiments in India and Colombia', '2015-106-6-1', 'Paper on results of second round experimental games for collective groundwater management in India, including attention to domestic groundwater uses along with irrigation'),
(119, 9, '5.2', 'CO_5.2.7', 'Recommendations for improved groundwater governance', '2015-109-18', 'Groundwater Governance in the Arab World: Taking Stock and Addressing the Challenges', '2015-109-18-1', 'General report on groundwater governance (international experiences and Middle East and North Africa focus)'),
(120, 9, '5.2', 'CO_5.2.7', 'Recommendations for improved groundwater governance', '2015-109-18', 'Groundwater Governance in the Arab World: Taking Stock and Addressing the Challenges', '2015-109-18-2', '6 reports on groundwater policy (Tunisia, Lebanon, Jordan, Yemen, UAE, Oman)'),
(121, 9, '5.2', 'CO_5.2.7', 'Recommendations for improved groundwater governance', '2015-109-18', 'Groundwater Governance in the Arab World: Taking Stock and Addressing the Challenges', '2015-109-18-3', '4 aquifer studies (Tunisia, Lebanon, Jordan, UAE)'),
(122, 9, '5.2', 'CO_5.2.7', 'Recommendations for improved groundwater governance', '2015-109-18', 'Groundwater Governance in the Arab World: Taking Stock and Addressing the Challenges', '2015-109-18-4', 'Regional dialogue on groundwater governance in the Arab World'),
(123, 9, '5.3', 'CO_5.3.8', '''Evidence of WFE linkages and management and policy recommendations to manage resources at the nexus', '2015-106-5', 'New insights on the tradeoffs between energy generation and irrigation: A global analysis', '2015-106-5-1', 'Model to expand hydropower-water linkages to all WLE focal regions'),
(124, 9, '5.3', 'CO_5.3.8', '''Evidence of WFE linkages and management and policy recommendations to manage resources at the nexus', '2015-106-5', 'New insights on the tradeoffs between energy generation and irrigation: A global analysis', '2015-106-5-2', 'Review paper on how energy issues should be addressed in agricultural sector');
INSERT INTO `flfr_cluster_data` (`id`, `fs_id`, `cluster`, `output_code`, `output`, `activity_id`, `project`, `del_code`, `del`) VALUES
(125, 9, '5.3', 'CO_5.3.8', '''Evidence of WFE linkages and management and policy recommendations to manage resources at the nexus', '2015-106-5', 'New insights on the tradeoffs between energy generation and irrigation: A global analysis', '2014-106-5-3', 'Report on "Impact of alternative energy futures on water and food security with a focus on WLE focal regions"'),
(126, 9, '5.3', 'CO_5.3.8', '''Evidence of WFE linkages and management and policy recommendations to manage resources at the nexus', '2015-106-4', 'The water-energy-food nexus: global, basin and local case studies of resource use efficiency under growing natural resource scarcity', '2015-106-4-1', 'Literature review on WFE nexus issues at multiple scales (Ethiopia, eastern Nile, global)'),
(127, 9, '5.3', 'CO_5.3.8', '''Evidence of WFE linkages and management and policy recommendations to manage resources at the nexus', '2015-106-4', 'The water-energy-food nexus: global, basin and local case studies of resource use efficiency under growing natural resource scarcity', '2015-106-4-2', 'Draft journal article on rural, gendered focus groups on WEF'),
(128, 9, '5.3', 'CO_5.3.8', '''Evidence of WFE linkages and management and policy recommendations to manage resources at the nexus', '2015-106-4', 'The water-energy-food nexus: global, basin and local case studies of resource use efficiency under growing natural resource scarcity', '2015-106-4-3', 'Report on FGDs'),
(129, 9, '5.3', 'CO_5.3.8', '''Evidence of WFE linkages and management and policy recommendations to manage resources at the nexus', '2015-106-4', 'The water-energy-food nexus: global, basin and local case studies of resource use efficiency under growing natural resource scarcity', '2015-106-4-4', 'Report on policy dialogues'),
(130, 9, '5.3', 'CO_5.3.8', '''Evidence of WFE linkages and management and policy recommendations to manage resources at the nexus', '2015-109-20', 'Improving water management in the lift irrigation areas of the Central Asia', '2015-109-20-1', 'Paper on Economics of groundwater and lift irrigation in the Syrdarya River basin'),
(131, 9, '5.3', 'CO_5.3.8', '''Evidence of WFE linkages and management and policy recommendations to manage resources at the nexus', '2015-109-20', 'Improving water management in the lift irrigation areas of the Central Asia', '2015-109-20-2', 'Policy briefs on improving resilience of life irrigation schemes'),
(132, 9, '5.3', 'CO_5.3.8', '''Evidence of WFE linkages and management and policy recommendations to manage resources at the nexus', '2015-111-2', 'Trade-off analysis and mitigation strategies for fisheries and aquatic ecosystem services affected by water development infrastructure', '2015-111-2-1', 'Technical advice and information briefs provided to the members of the Technical Working Group on Fisheries in Cambodia as requested'),
(133, 9, '5.3', 'CO_5.3.8', '''Evidence of WFE linkages and management and policy recommendations to manage resources at the nexus', '2015-111-2', 'Trade-off analysis and mitigation strategies for fisheries and aquatic ecosystem services affected by water development infrastructure', '2015-111-2-2', 'Technical recommendations provided to hydropower company on management of reservoir fisheries for the benefit of resettled communities'),
(134, 9, '5.3', 'CO_5.3.8', '''Evidence of WFE linkages and management and policy recommendations to manage resources at the nexus', '2015-111-2', 'Trade-off analysis and mitigation strategies for fisheries and aquatic ecosystem services affected by water development infrastructure', '2015-111-2-3', 'Two manuscripts submitted to journal/international conference, documenting the livelihood adaptation of hydropower affected communities in Lao PDR, and water benefit trade-offs in multiple use of hydropower reservoir in Vietnam'),
(135, 6, '2.1', 'CO_2.1.1', 'Global Biomass Assessment', '2015-108-1', 'Realising biomass potentials for mixed livestock-crop systems, considering water, land and ecosystems', '2015-108-1-1', '~Paper on global biomass assessment livestock and crops, water, land and ecosystems'),
(136, 6, '2.1', 'CO_2.1.2', 'Documentation (journal articles, reports, policy briefs) of drivers of successful irrigation', '2015-109-16', 'Tools for assessing water dynamics in rainfed agro-ecoystems', '2015-109-16-8', '3 research reports or journal publications on drivers of successful irrigation (Ethiopia, Ghana, Tanzania)'),
(137, 6, '2.1', 'CO_2.1.3', '''Improved knowledge on water availability and variability and farmer responses to variability', '2015-109-16', 'Tools for assessing water dynamics in rainfed agro-ecoystems', '2015-109-16-1', 'MODIS datasets describing water variability at landscape scales over 200-2014 for NC province, Sri Lanka;; Fogera, Ethiopia.'),
(138, 6, '2.1', 'CO_2.1.3', '''Improved knowledge on water availability and variability and farmer responses to variability', '2015-109-16', 'Tools for assessing water dynamics in rainfed agro-ecoystems', '2015-109-16-2', '~Research report/journal paper on smallhodler farmer responses to water variability in two rainfed regions'),
(139, 6, '2.1', 'CO_2.1.3', '''Improved knowledge on water availability and variability and farmer responses to variability', '2015-109-16', 'Tools for assessing water dynamics in rainfed agro-ecoystems', '2015-109-16-3', '~Recommendations for set of products from RS data to describe and quantify spatial and temporal variability in water at landscape scales'),
(140, 6, '2.1', 'CO_2.1.4', '''Datasets, maps, operational systems, and models to assess current and future potential of irrigated and rainfed systems', '2015-109-12', 'Ecological footprint of food security: irrigated and rainfed areas in Asia and Africa', '2015-109-12-1', '~Reports, conference and journal papers for status of irrigated and rainfed areas by major ecosystems including smallholder irrigation (all countries)'),
(141, 6, '2.1', 'CO_2.1.4', '''Datasets, maps, operational systems, and models to assess current and future potential of irrigated and rainfed systems', '2015-109-12', 'Ecological footprint of food security: irrigated and rainfed areas in Asia and Africa', '2015-109-12-3', '~Maps of irrigated and rainfed areas for Africa and Asia (all countries)'),
(142, 6, '2.1', 'CO_2.1.4', '''Datasets, maps, operational systems, and models to assess current and future potential of irrigated and rainfed systems', '2015-109-12', 'Ecological footprint of food security: irrigated and rainfed areas in Asia and Africa', '2015-109-12-4', '~Web portal for interactive maps and information; methods for automatic mapping and update of irrigated areas (all countries)'),
(143, 6, '2.1', 'CO_2.1.5', 'Scaling Assessments: Assessments of the impacts of scaling up AWM solutions from farm to catchment/watershed scale and assessments of watershed management are captured in data and reports. Options for scaling up and for planning and implementing effective watershed-based interventions are captured in operational frameworks (e.g. reports, models, planning tools, training).', '2015-105-4', 'Watershed based management of natural resources for improved productivity and sustained environmental services', '2015-105-4-1', 'Report on options to improve production potential (Ethiopia)'),
(144, 6, '2.1', 'CO_2.1.5', 'Scaling Assessments: Assessments of the impacts of scaling up AWM solutions from farm to catchment/watershed scale and assessments of watershed management are captured in data and reports. Options for scaling up and for planning and implementing effective watershed-based interventions are captured in operational frameworks (e.g. reports, models, planning tools, training).', '2015-105-4', 'Watershed based management of natural resources for improved productivity and sustained environmental services', '2015-105-4-2', 'SWAT model to simulate hydrological and ecological responses to changes in management (Ethiopia)'),
(145, 6, '2.1', 'CO_2.1.5', 'Scaling Assessments: Assessments of the impacts of scaling up AWM solutions from farm to catchment/watershed scale and assessments of watershed management are captured in data and reports. Options for scaling up and for planning and implementing effective watershed-based interventions are captured in operational frameworks (e.g. reports, models, planning tools, training).', '2015-105-4', 'Watershed based management of natural resources for improved productivity and sustained environmental services', '2015-105-4-4', 'Training modules on principles and practice of watershed management (Ethiopia)'),
(146, 6, '2.1', 'CO_2.1.5', 'Scaling Assessments: Assessments of the impacts of scaling up AWM solutions from farm to catchment/watershed scale and assessments of watershed management are captured in data and reports. Options for scaling up and for planning and implementing effective watershed-based interventions are captured in operational frameworks (e.g. reports, models, planning tools, training).', '2015-105-4', 'Watershed based management of natural resources for improved productivity and sustained environmental services', '2015-105-4-5', 'Report on options to engage and share benefits of watershed management equitably (Ethiopia)'),
(147, 6, '2.1', 'CO_2.1.6', 'Understanding Impacts and Trade-Offs Improved knowledge of environmental impacts and energy use associated with irrigation expansion and of in-field water conservation technologies. These are captured in journal articles, databases, models and software. Options to reduce trade-offs and strengthen incentive mechanisms to improve ES outcomes are captured in policy briefs, training materials, reports, stakeholder workshops.', '2015-106-2', 'Energy use in agriculture:  Irrigation mechanization or fertilizer?  - Tradeoffs and food security implications', '2015-106-2-1', 'Journal article on "The environmental impacts related to irrigaiton expansion and associated fertilizer use in Ethiopia"'),
(148, 6, '2.1', 'CO_2.1.6', 'Understanding Impacts and Trade-Offs Improved knowledge of environmental impacts and energy use associated with irrigation expansion and of in-field water conservation technologies. These are captured in journal articles, databases, models and software. Options to reduce trade-offs and strengthen incentive mechanisms to improve ES outcomes are captured in policy briefs, training materials, reports, stakeholder workshops.', '2015-106-2', 'Energy use in agriculture:  Irrigation mechanization or fertilizer?  - Tradeoffs and food security implications', '2015-106-2-2', 'Journal article on energy use in rural ethiopia-potential for reducing tradeoffs between domestic and farm uses (Ethiopia)'),
(149, 6, '2.1', 'CO_2.1.6', 'Understanding Impacts and Trade-Offs Improved knowledge of environmental impacts and energy use associated with irrigation expansion and of in-field water conservation technologies. These are captured in journal articles, databases, models and software. Options to reduce trade-offs and strengthen incentive mechanisms to improve ES outcomes are captured in policy briefs, training materials, reports, stakeholder workshops.', '2015-106-2', 'Energy use in agriculture:  Irrigation mechanization or fertilizer?  - Tradeoffs and food security implications', '2015-106-2-3', ' Journal article on energy use in agriculture for Pakistan (Pakistan)'),
(150, 6, '2.1', 'CO_2.1.5', ' Scaling Assessments: Assessments of the impacts of scaling up AWM solutions from farm to catchment/watershed scale and assessments of watershed management are captured in data and reports. Options for scaling up and for planning and implementing effective watershed-based interventions are captured in operational frameworks (e.g. reports, models, planning tools, training).', '2015-109-14', 'Comprehensive impact assessment of watershed management interventions in Ethiopia', '205-109-14-1', 'Biophysical and socio-economic data on the impact of watershed management interventions collected and organized. These data can also be used as baseline for future assessment of watershed intervention in selected watersheds'),
(151, 6, '2.1', 'CO_2.1.5', ' Scaling Assessments: Assessments of the impacts of scaling up AWM solutions from farm to catchment/watershed scale and assessments of watershed management are captured in data and reports. Options for scaling up and for planning and implementing effective watershed-based interventions are captured in operational frameworks (e.g. reports, models, planning tools, training).', '2015-109-15', 'Comprehensive impact assessment of watershed management interventions in Ethiopia', '2015-109-14-2', 'Research report on the comprehensive impacts of watershed management interventions produced  (Ethiopia)'),
(152, 6, '2.1', 'CO_2.1.5', ' Scaling Assessments: Assessments of the impacts of scaling up AWM solutions from farm to catchment/watershed scale and assessments of watershed management are captured in data and reports. Options for scaling up and for planning and implementing effective watershed-based interventions are captured in operational frameworks (e.g. reports, models, planning tools, training).', '2015-109-15', 'Comprehensive impact assessment of watershed management interventions in Ethiopia', '2015-109-14-4', 'Policy brief on watershed management intervention in Ethiopia including the role of women and other marginalized groups (Ethiopia)'),
(153, 6, '2.1', 'CO_2.1.7', 'Managing for equitable outcomes Tools to assess and improve accountability for gender equity outcomes (e.g. in irrigation schemes, in multiple use systems) to ensure that scaling up and out is equitable. ', '2015-109-17', 'Gender responsive tools for improving irrigation performance', '2015-109-17-2', 'Training materials and training on how to use gender performance tool'),
(154, 6, '2.1', 'CO_2.1.7', 'Managing for equitable outcomes Tools to assess and improve accountability for gender equity outcomes (e.g. in irrigation schemes, in multiple use systems) to ensure that scaling up and out is equitable. ', '2015-109-17', 'Gender responsive tools for improving irrigation performance', '2015-109-17-3', 'Gender performance assessment framework (refined), factsheets based on sub-regions'),
(155, 6, '2.1', 'CO_2.1.7', 'Managing for equitable outcomes Tools to assess and improve accountability for gender equity outcomes (e.g. in irrigation schemes, in multiple use systems) to ensure that scaling up and out is equitable. ', '2015-109-17', 'Gender responsive tools for improving irrigation performance', '2015-109-17-4', 'Outreach materials to share tools for assessing and strengthening gender equitable outcomes in irrigation schemes'),
(156, 6, '2.1', 'CO_2.1.5', ' Scaling Assessments: Assessments of the impacts of scaling up AWM solutions from farm to catchment/watershed scale and assessments of watershed management are captured in data and reports. Options for scaling up and for planning and implementing effective watershed-based interventions are captured in operational frameworks (e.g. reports, models, planning tools, training).', '2015-109-7', 'Innovation for Gender Equality in Water Management', '2015-109-7-1', 'Research report regarding impact of MUS on women''s empowerment (Nepal)'),
(157, 6, '2.1', 'CO_2.1.7', 'Managing for equitable outcomes Tools to assess and improve accountability for gender equity outcomes (e.g. in irrigation schemes, in multiple use systems) to ensure that scaling up and out is equitable. ', '2015-109-7', 'Innovation for Gender Equality in Water Management', '2015-109-7-1', 'Report on development, testing and upscaling of participatory innovations that improve accountability in pro-poor gender-equitable public sector performance, Research reports on revitalization of smallholder irrigation schemes by different management modes (S. Africa)'),
(158, 6, '2.1', 'CO_2.1.6', 'Understanding Impacts and Trade-Offs Improved knowledge of environmental impacts and energy use associated with irrigation expansion and of in-field water conservation technologies. These are captured in journal articles, databases, models and software. Options to reduce trade-offs and strengthen incentive mechanisms to improve ES outcomes are captured in policy briefs, training materials, reports, stakeholder workshops.', '2015-105-11', 'Understanding the impacts of in-field water conservation technologies on productivity and risk in rainfed cropping systems at field and catchment scales in the two basins;  Nile and Niger', '2015-105-11-4', 'Crops and hydrological models configured and validated'),
(159, 6, '2.1', 'CO_2.1.8', ' Field scale land and water interventions and AWM solutions: Piloting; optimizing water resource use in different cropping systems (rainfed, irrigated, dry season); conjunctive use of pond and groundwater; small scale water infrastructure, rainwater harvesting, etc.', '2015-105-3', 'Enhancing Water Use Efficiency through various agricultural water management interventions in rainfed and irrigated areas', '2015-105-3-2', 'User friendly decision support system (model tools and software) to optimize water resource use in different cropping systems  (India)'),
(160, 6, '2.1', 'CO_2.1.9', ' Timely and reliable access to water resources b. Watershed scale: Improved capacity and improved practices for watershed management; flood forecasting, monitoring and risk mitigation', '2015-105-6', 'Strengthening various ecosystem services through community participated watershed management', '2015-105-6-3', 'Analysis report for stakeholders to understand development process, constraints, impact pathway'),
(161, 6, '2.1', 'CO_2.1.8', ' Field scale land and water interventions and AWM solutions: Piloting; optimizing water resource use in different cropping systems (rainfed, irrigated, dry season); conjunctive use of pond and groundwater; small scale water infrastructure, rainwater harvesting, etc.', '2015-109-9', 'Improving dry season agriculture for marginal and tenant farmers in the Eastern Gangetic Plains through conjunctive use of pond and groundwater resources', '2015-109-9-1', 'Data and maps of ponds in target villages and pilot areas; data from survey in pilot areas of all irrigation infrastructure, method of operation, irrigation water use, cropping patterns; data on losses and potential gains at each stage of the irrigation system under variety of potential new cropping systems; data and analysis of vulnerability to economic and climate shocks from questionnaire; data and analysis of land tenure, landlord-tenant relations and its relation to water access; data on economic context and agricultural trends; data on water management institutions; data and assessment of gender and male out-migration and impact on agriculture; data on farmer typology'),
(162, 6, '2.1', 'CO_2.1.8', ' Field scale land and water interventions and AWM solutions: Piloting; optimizing water resource use in different cropping systems (rainfed, irrigated, dry season); conjunctive use of pond and groundwater; small scale water infrastructure, rainwater harvesting, etc.', '2015-109-9', 'Improving dry season agriculture for marginal and tenant farmers in the Eastern Gangetic Plains through conjunctive use of pond and groundwater resources', '2015-109-9-5', 'Reports/publications on current and future infrastructure use and efficiencies of irrigation system'),
(163, 6, '2.1', 'CO_2.1.8', ' Field scale land and water interventions and AWM solutions: Piloting; optimizing water resource use in different cropping systems (rainfed, irrigated, dry season); conjunctive use of pond and groundwater; small scale water infrastructure, rainwater harvesting, etc.', '2015-109-15', 'Managing water and food systems in the Volta and Niger basins (Water for Food in the Volta)', '2015-109-15-1', 'Model tool/software tool, WAG, developed with the accompanying tool guide'),
(164, 6, '2.1', 'CO_2.1.8', ' Field scale land and water interventions and AWM solutions: Piloting; optimizing water resource use in different cropping systems (rainfed, irrigated, dry season); conjunctive use of pond and groundwater; small scale water infrastructure, rainwater harvesting, etc.', '2015-109-15', 'Managing water and food systems in the Volta and Niger basins (Water for Food in the Volta)', '2015-109-15-2', 'Synthesis report on water quality in small reservoirs (includes report on livestock water productivity around small reservoirs; article on IWRM; report on relationship between WUAs, gender and the CLE; project report on organization of local gold mining).'),
(165, 6, '2.1', 'CO_2.1.8', ' Field scale land and water interventions and AWM solutions: Piloting; optimizing water resource use in different cropping systems (rainfed, irrigated, dry season); conjunctive use of pond and groundwater; small scale water infrastructure, rainwater harvesting, etc.', '2015-109-15', 'Managing water and food systems in the Volta and Niger basins (Water for Food in the Volta)', '2015-109-15-4', 'Project reports on tradeoff analysis between produce use and externalities of small water infrastructures'),
(166, 6, '2.1', 'CO_2.1.9', ' Timely and reliable access to water resources b. Watershed scale: Improved capacity and improved practices for watershed management; flood forecasting, monitoring and risk mitigation', '2015-109-10', 'Water Management Solutions for Flood Recession and Dry Season Farming in Nigeria', '2015-109-10-3', 'Models and tools to support flood forecasting, monitoring, mitigation and risk reduction (Nigeria)'),
(167, 6, '2.1', 'CO_2.1.10', 'AWLM Solutions: Improved soil and nutrient management: Soil health improved through Integrated Soil Fertility Management (ISFM) based on improvements in data (gender disaggregated), maps, decision support models/tools, capacity development, extension materials, communication strategy, policy briefs ', '2015-107-2', 'Facilitation of partnerships towards the development and dissemination of resource-use efficient soil management recommendations for priority farming systems in West Africa', '2015-107-2-1', 'Integrated Soil Fertility Management (ISFM) database established in 5 countries and at IITA (Burkina Faso, Ghana, Mali, Niger, Nigeria) for data from ISFM trials'),
(168, 6, '2.1', 'CO_2.1.10', 'AWLM Solutions: Improved soil and nutrient management: Soil health improved through Integrated Soil Fertility Management (ISFM) based on improvements in data (gender disaggregated), maps, decision support models/tools, capacity development, extension materials, communication strategy, policy briefs ', '2015-107-5', 'Identification and dissemination of Integrated Soil Fertility Management recommendations for the sustainable intensification of maize-based systems within farming landscapes, with a specific focus on striga management', '2015-107-5-1', ' Data on soils and maize crops for model'),
(169, 6, '2.1', 'CO_2.1.10', 'AWLM Solutions: Improved soil and nutrient management: Soil health improved through Integrated Soil Fertility Management (ISFM) based on improvements in data (gender disaggregated), maps, decision support models/tools, capacity development, extension materials, communication strategy, policy briefs ', '2015-107-5', 'Identification and dissemination of Integrated Soil Fertility Management recommendations for the sustainable intensification of maize-based systems within farming landscapes, with a specific focus on striga management', '2015-107-5-2', 'Simulation models for the development of decision support tools'),
(170, 6, '2.1', 'CO_2.1.10', 'AWLM Solutions: Improved soil and nutrient management: Soil health improved through Integrated Soil Fertility Management (ISFM) based on improvements in data (gender disaggregated), maps, decision support models/tools, capacity development, extension materials, communication strategy, policy briefs ', '2015-107-3', 'Identification and dissemination of site- and crop-specific recommendations for the use of rhizobial inoculants and other bio-fertilizers and necessary accompanying measures to increase crop productivity and soil health within farming landscapes', '2015-107-3-1', 'Training manual for extension agents and crop advisors'),
(171, 6, '2.1', 'CO_2.1.10', 'AWLM Solutions: Improved soil and nutrient management: Soil health improved through Integrated Soil Fertility Management (ISFM) based on improvements in data (gender disaggregated), maps, decision support models/tools, capacity development, extension materials, communication strategy, policy briefs ', '2015-107-3', 'Identification and dissemination of site- and crop-specific recommendations for the use of rhizobial inoculants and other bio-fertilizers and necessary accompanying measures to increase crop productivity and soil health within farming landscapes', '2015-107-3-3', 'Manual on quality control requirements and standard operational procedures for ag technologies'),
(172, 6, '2.1', 'CO_2.1.10', 'AWLM Solutions: Improved soil and nutrient management: Soil health improved through Integrated Soil Fertility Management (ISFM) based on improvements in data (gender disaggregated), maps, decision support models/tools, capacity development, extension materials, communication strategy, policy briefs ', '2015-107-3', 'Identification and dissemination of site- and crop-specific recommendations for the use of rhizobial inoculants and other bio-fertilizers and necessary accompanying measures to increase crop productivity and soil health within farming landscapes', '2015-107-3-4', 'Maps showing spatial variability of crop responses to ag technologies (in at least 50% of participating countries)'),
(173, 6, '2.1', 'CO_2.1.10', 'AWLM Solutions: Smallholder ag value chains stengthened and benefits to smallholder farmers improved based on value chain financing; cost-benefits analyses; analyses of success factors in rainfed, irrigated and forage systems; gender-differentiated value chain analyses; training manuals; piloting.', '2015-109-11', 'Innovation Lab for Small Scale Irrigation in Sub-Saharan Africa (ILSSI)', '2015-109-11-1', 'Pilot interventions established in at least three locations in each project country  (9 pilot sites) (Ethiopia, Tanzania and Ghana)'),
(174, 6, '2.1', 'CO_2.1.10', 'AWLM Solutions: Smallholder ag value chains stengthened and benefits to smallholder farmers improved based on value chain financing; cost-benefits analyses; analyses of success factors in rainfed, irrigated and forage systems; gender-differentiated value chain analyses; training manuals; piloting.', '2015-109-11', 'Innovation Lab for Small Scale Irrigation in Sub-Saharan Africa (ILSSI)', '2015-109-11-4', ' Data collection on each location; data used for models and socio-economic analysis (Ethiopia, Tanzania and Ghana)'),
(175, 6, '2.1', 'CO_2.1.10', 'AWLM Solutions: Smallholder ag value chains stengthened and benefits to smallholder farmers improved based on value chain financing; cost-benefits analyses; analyses of success factors in rainfed, irrigated and forage systems; gender-differentiated value chain analyses; training manuals; piloting.', '2015-109-13', 'Livestock and Irrigation Value chain for Ethiopian Smallholders (LIVES)', '2015-109-13-1', 'Reports on diagnostic study of irrigation performance in target areas; ex-ante analysis of the economics of irrigated fruits, vegetables and fodder production; cost-benefit analysis of methods of irrigation water withdrawal; whether access to services, market distance, etc. matter for the success of irrigation and market-oriented production; comparing poverty profiles under rainfed and irrigation systems (Ethiopia)'),
(176, 6, '2.1', 'CO_2.1.10', 'AWLM Solutions: Smallholder ag value chains stengthened and benefits to smallholder farmers improved based on value chain financing; cost-benefits analyses; analyses of success factors in rainfed, irrigated and forage systems; gender-differentiated value chain analyses; training manuals; piloting.', '2015-109-13', 'Livestock and Irrigation Value chain for Ethiopian Smallholders (LIVES)', '2015-109-13-2', 'Guidelines on integration of gender aspects into irrigation development, role of gender in selected value chains'),
(177, 6, '2.1', 'CO_2.1.10', 'AWLM Solutions: Supportive policy and institutional environment through institutional reform; scaling strategies to improve profitabiltiy of smallholder farming; policy briefs, workshops, seminars, training materials, video case studies, building capacity of local institutions and farmers, monitoring.  ', '2015-109-46', 'IWMI-India Program', '2015-109-46-4', 'Thematic workshops and seminars (India)'),
(178, 6, '2.1', 'CO_2.1.10', 'AWLM Solutions: Supportive policy and institutional environment through institutional reform; scaling strategies to improve profitabiltiy of smallholder farming; policy briefs, workshops, seminars, training materials, video case studies, building capacity of local institutions and farmers, monitoring.  ', '2015-105-1', 'Increasing Irrigation Water Productivity in Mozambique, Tanzania and Zimbabwe through on farm monitoring,  adaptive management and agricultural innovation platforms', '2015-105-1-1', 'Build capacity in local institutions and skill of farmers to manage common pool resources develop, test and deploy water monitoring systems at each site as an entry point for enhancing ag productivity'),
(179, 6, '2.2', 'CO_2.2.11', '''Understanding irrigation performance and impacts: Documentation and evaluation of irrigation impacts on bio-physcial and social landscape; recommendations to enhance monitoring and evaluation of irrigation performance against a range of indicators', '2015-106-7', 'Evaluating the impact of irrigation on ecosystems services (ES) and smallholder resilience in Nepal', '2015-106-7-3', 'Paper on ?How has irrigation changed farmers? behavior in terms of crop selection, crop diversity by season? submitted for IFPRI Discussion Paper series'),
(180, 6, '2.2', 'CO_2.2.12', 'Introducing innovative communication platforms to provide timely, reliable information on surface and groundwater supplies, delivery and management to support water user discussion and decision-making', '2015-109-25', 'Enhancing Ecosystems Services through Dialogue', '2015-109-25-1', 'Pakistan Water Dialogue Consensus Action Papers (x8)'),
(181, 6, '2.2', 'CO_2.2.12', 'Introducing innovative communication platforms to provide timely, reliable information on surface and groundwater supplies, delivery and management to support water user discussion and decision-making', '2015-109-25', 'Enhancing Ecosystems Services through Dialogue', '2015-109-25-2', 'Pakistan Water Dialogue Consensus Action plan'),
(182, 6, '2.2', 'CO_2.2.12', 'Introducing innovative communication platforms to provide timely, reliable information on surface and groundwater supplies, delivery and management to support water user discussion and decision-making.', '2015-109-22', 'Irrigation & ICT', '2015-109-22-3', 'Two training workshops for water users'),
(183, 6, '2.2', 'CO_2.2.12', 'Introducing innovative communication platforms to provide timely, reliable information on surface and groundwater supplies, delivery and management to support water user discussion and decision-making.', '2015-109-22', 'Irrigation & ICT', '2015-109-22-4', 'Automated data/information on Water delivery and weather to all stakeholders'),
(184, 6, '2.2', 'CO_2.2.13', 'Strenthening the policy, institutional and investment environment: Review of past and present irrigation management structures; their impacts on productivity, livelihoods and ecosystems; and recommendations and tools to strengthen the policy and institutional environment through public, private and community involvement in irrigation development and management.', '2015-109-45', 'Impact of Water Users Associations on Water and Land Productivity, Equity and Food Security in Tajikistan', '2015-109-45-1', 'Baseline impact study report'),
(185, 6, '2.2', 'CO_2.2.13', 'Strenthening the policy, institutional and investment environment: Review of past and present irrigation management structures; their impacts on productivity, livelihoods and ecosystems; and recommendations and tools to strengthen the policy and institutional environment through public, private and community involvement in irrigation development and management.', '2015-109-45', 'Impact of Water Users Associations on Water and Land Productivity, Equity and Food Security in Tajikistan', '2015-109-45-2', 'Comprehensive review of different Water User Association approaches and projects in Tajikastan (desk study and grey and peer reviewed literature)'),
(186, 6, '2.2', 'CO_2.2.13', 'Strenthening the policy, institutional and investment environment: Review of past and present irrigation management structures; their impacts on productivity, livelihoods and ecosystems; and recommendations and tools to strengthen the policy and institutional environment through public, private and community involvement in irrigation development and management.', '2015-109-24', 'Revitalizing Irrigation Management Organisations', '2015-109-24-1', 'Paper on comparative assessment of Irrigation Department  in Ferghana and Punjab Province'),
(187, 6, '2.2', 'CO_2.2.13', 'Strenthening the policy, institutional and investment environment: Review of past and present irrigation management structures; their impacts on productivity, livelihoods and ecosystems; and recommendations and tools to strengthen the policy and institutional environment through public, private and community involvement in irrigation development and management.', '2015-109-24', 'Revitalizing Irrigation Management Organisations', '2015-109-24-2', 'Review of impacts of private sector investment on revitalizing irrigation systems, one case study'),
(188, 6, '2.2', 'CO_2.2.13', 'Strenthening the policy, institutional and investment environment: Review of past and present irrigation management structures; their impacts on productivity, livelihoods and ecosystems; and recommendations and tools to strengthen the policy and institutional environment through public, private and community involvement in irrigation development and management.', '2015-109-24', 'Revitalizing Irrigation Management Organisations', '2015-109-24-3', 'Review of women''s role in Irrigation Department, one case study'),
(189, 6, '2.2', 'CO_2.2.13', 'Strenthening the policy, institutional and investment environment: Review of past and present irrigation management structures; their impacts on productivity, livelihoods and ecosystems; and recommendations and tools to strengthen the policy and institutional environment through public, private and community involvement in irrigation development and management.', '2015-109-24', 'Revitalizing Irrigation Management Organisations', '2015-109-24-4', 'Review of upscaling from Water Use Assocation pilots to higher level (scheme, national), one case study'),
(190, 6, '2.2', 'CO_2.2.13', 'Strenthening the policy, institutional and investment environment: Review of past and present irrigation management structures; their impacts on productivity, livelihoods and ecosystems; and recommendations and tools to strengthen the policy and institutional environment through public, private and community involvement in irrigation development and management.', '2015-104-4', 'Managing irrigation-drainage systems to sustainably enhance productivity in Fergana Valley, Central Asia', '2015-104-4-1', 'Stakeholder consultation to understand the challenges, the constraints, key knowledge gaps needed to be filled, expertise of the national partners and studies that have been counducted in the past on the topic and the lessons learnt from them.'),
(191, 6, '2.2', 'CO_2.2.13', 'Strenthening the policy, institutional and investment environment: Review of past and present irrigation management structures; their impacts on productivity, livelihoods and ecosystems; and recommendations and tools to strengthen the policy and institutional environment through public, private and community involvement in irrigation development and management.', '2015-104-4', 'Managing irrigation-drainage systems to sustainably enhance productivity in Fergana Valley, Central Asia', '2015-104-4-3', 'Demonstration trials and handbooks for farmers on suitable irrigation-drainage system for their agro ecosystems'),
(192, 6, '2.2', 'CO_2.2.13', 'Strenthening the policy, institutional and investment environment: Review of past and present irrigation management structures; their impacts on productivity, livelihoods and ecosystems; and recommendations and tools to strengthen the policy and institutional environment through public, private and community involvement in irrigation development and management.', '2015-109-23', 'Enhancing Provisioning Ecosystems Services through Farmer Institutions', '2015-109-23-1', 'Flow data, weather data, groundwater, productivity data, service provision data'),
(193, 6, '2.2', 'CO_2.2.13', 'Strenthening the policy, institutional and investment environment: Review of past and present irrigation management structures; their impacts on productivity, livelihoods and ecosystems; and recommendations and tools to strengthen the policy and institutional environment through public, private and community involvement in irrigation development and management.', '2015-109-8', 'Characterization of private sector actors as a means to promote sustainable natural resource management in the Mekong', '2015-109-8-1', 'First round of data analysis'),
(194, 6, '2.2', 'CO_2.2.13', 'Strenthening the policy, institutional and investment environment: Review of past and present irrigation management structures; their impacts on productivity, livelihoods and ecosystems; and recommendations and tools to strengthen the policy and institutional environment through public, private and community involvement in irrigation development and management.', '2015-106-1', 'Assessing Models of Public Private Partnerships for Irrigation Development in Africa', '2015-106-1-1', 'Netmapping report and discussion paper for Tanzania and Ghana on irrigation policy decision-making (discussion paper plus one brief per country)'),
(195, 6, '2.2', 'CO_2.2.13', 'Strenthening the policy, institutional and investment environment: Review of past and present irrigation management structures; their impacts on productivity, livelihoods and ecosystems; and recommendations and tools to strengthen the policy and institutional environment through public, private and community involvement in irrigation development and management.', '2015-106-1', 'Assessing Models of Public Private Partnerships for Irrigation Development in Africa', '2015-106-1-3', 'Toolkit reflecting findings from the workshop (aimed at policy makers), online resources'),
(196, 6, '2.2', 'CO_2.2.13', 'Strenthening the policy, institutional and investment environment: Review of past and present irrigation management structures; their impacts on productivity, livelihoods and ecosystems; and recommendations and tools to strengthen the policy and institutional environment through public, private and community involvement in irrigation development and management.', '2015-106-1', 'Assessing Models of Public Private Partnerships for Irrigation Development in Africa', '2015-106-1-4', 'Stakeholder meeting for netmapping '),
(197, 1, '1.3', 'CO_1.3.1', 'Governance Assessment reports with the identification of acceptable to change indicators that derived from Cluster B: Healthy River and Ecosystem (Reports on comprehensive assessment of nationaland regional water governance (Common outputs)', '2015-10-63', 'A Space for Dialogue: People, Perceptions, and Principled Outcomes in the Governance of the Mekong', '2015-109-63-13', 'Notions of Good Governance: Understanding Lower Mekong Perspectives.'),
(198, 1, '1.3', 'CO_1.3.1', 'Governance Assessment reports with the identification of acceptable to change indicators that derived from Cluster B: Healthy River and Ecosystem (Reports on comprehensive assessment of nationaland regional water governance (Common outputs)', '2015-109-65', 'Matching policies, institutions and practices of water governance in the Salween-Thanlwin-Nu River Basin: Towards inclusive, informed, and accountable water ', '2015-109-65-11', 'One State of Knowledge Paper assessing existing water governance arrangements in the Salween Basin'),
(199, 1, '1.3', 'CO_1.3.1', 'Governance Assessment reports with the identification of acceptable to change indicators that derived from Cluster B: Healthy River and Ecosystem (Reports on comprehensive assessment of nationaland regional water governance (Common outputs)', '2015-10-65', 'Matching policies, institutions and practices of water governance in the Salween-Thanlwin-Nu River Basin: Towards inclusive, informed, and accountable water ', '2015-109-65-7', 'Country policy briefs for Thailand, Myanmar and China, which include recommendations on gender'),
(200, 1, '1.3', 'CO_1.3.1', 'Community-based monitoring systems;( this is also already mentioned in cluster B)', '2015-109-63', ' A Space for Dialogue: People, Perceptions, and Principled Outcomes in the Governance of the Mekong', '2015-109-63-11', 'Negotiation training for local communities and women?s groups.'),
(201, 1, '1.3', 'CO_1.3.1', 'Community-based monitoring systems;( this is also already mentioned in cluster B)', '2015-109-65', 'Matching policies, institutions and practices of water governance in the Salween-Thanlwin-Nu River Basin: Towards inclusive, informed, and accountable water ', '2015-109-65-4', 'Two annual team meetings for presenting research key findings, receiving training, strengthening collaboration between team members and planning next steps forwards among grass roots research networks and national research team'),
(202, 1, '1.3', 'CO_1.3.2', 'Communication products:Reports, briefs and SOK, healthy river cards on the integration of  gender and ecosystem services and water governance.(engagement) Pamplet and poster on local rights and responsibilities on water governance disseminated.', '2015-109-63', ' A Space for Dialogue: People, Perceptions, and Principled Outcomes in the Governance of the Mekong', '2015-109-63-3', 'Participatory community multimedia project on Cambodia?s river ecosystem service values for local livelihoods (focus on gendered experiences)'),
(203, 1, '1.3', 'CO_1.3.2', 'Communication products:Reports, briefs and SOK, healthy river cards on the integration of  gender and ecosystem services and water governance.(engagement) Pamplet and poster on local rights and responsibilities on water governance disseminated.', '2015-109-63', ' A Space for Dialogue: People, Perceptions, and Principled Outcomes in the Governance of the Mekong', '2015-109-63-22', 'Women?s Priorities and Participation in Mekong River Governance.Q4 2017'),
(204, 1, '1.3', 'CO_1.3.2', 'Communication products:Reports, briefs and SOK, healthy river cards on the integration of  gender and ecosystem services and water governance.(engagement) Pamplet and poster on local rights and responsibilities on water governance disseminated.', '2015-109-63', ' A Space for Dialogue: People, Perceptions, and Principled Outcomes in the Governance of the Mekong', '2015-109-63-24', 'Blog topics: negotiation training and activities, the business case for corporate citizenship, community-business relations in Mekong hydropower.'),
(205, 1, '1.3', 'CO_1.3.2', 'Communication products:Reports, briefs and SOK, healthy river cards on the integration of  gender and ecosystem services and water governance.(engagement) Pamplet and poster on local rights and responsibilities on water governance disseminated.', '2015-109-65', 'Matching policies, institutions and practices of water governance in the Salween-Thanlwin-Nu River Basin: Towards inclusive, informed, and accountable water ', '2015-109-65-13', 'Two blogs per year on themes related to the project (six in total; two per country)'),
(206, 1, '1.3', 'CO_1.3.2', 'Communication products:Reports, briefs and SOK, healthy river cards on the integration of  gender and ecosystem services and water governance.(engagement) Pamplet and poster on local rights and responsibilities on water governance disseminated.', '2015-109-65', 'Matching policies, institutions and practices of water governance in the Salween-Thanlwin-Nu River Basin: Towards inclusive, informed, and accountable water ', '2015-109-65-5', 'Annual meeting of the university networks where research findings are presented by team members'),
(207, 1, '1.3', 'CO_1.3.2', 'Communication products:Reports, briefs and SOK, healthy river cards on the integration of  gender and ecosystem services and water governance.(engagement) Pamplet and poster on local rights and responsibilities on water governance disseminated.', '2015-109-65', 'Matching policies, institutions and practices of water governance in the Salween-Thanlwin-Nu River Basin: Towards inclusive, informed, and accountable water ', '2015-109-65-11', 'One State of Knowledge Paper assessing existing water governance arrangements in the Salween Basin'),
(208, 1, '1.3', 'CO_1.3.3', 'Training program and modules for local citizen  on water governance (include women and marginalized group of people)', '2015-109-63', ' A Space for Dialogue: People, Perceptions, and Principled Outcomes in the Governance of the Mekong', '2015-109-63-5', 'Community workshops on priorities in river use, decision-making, and accountability, focus on women?s participation'),
(209, 1, '1.3', 'CO_1.3.3', 'Training program and modules for local citizen  on water governance (include women and marginalized group of people)', '2015-109-63', ' A Space for Dialogue: People, Perceptions, and Principled Outcomes in the Governance of the Mekong', '2015-109-63-17', 'Enhancing Gender Representation: Participatory Action Research in Cambodian River Use.Q4 2015 and Q2 2016'),
(210, 1, '1.3', 'CO_1.3.4', 'River health assessment and frameworks and models and data base at multi-scales', '2015-109-64', 'Balancing River Health and Hydropower Requirements in the Lancang River Basin', '2015-109-64-1', 'Assessment methodology and tool are completed. '),
(211, 1, '1.3', 'CO_1.3.4', 'River health assessment and frameworks and models and data base at multi-scales', '2015-109-66', 'Rivers for life and livelihoods: classification of river health in the Salween River', '2015-109-66-4', 'RHF Resource kit is widely known and understood.'),
(212, 1, '1.3', 'CO_1.3.4', 'River health assessment and frameworks and models and data base at multi-scales', '2015-109-72', 'Rivers for life and livelihoods: classification of river health in the Ayeyarwady River Basin', '2015-109-72-4', 'River Health Framework (RHF) Resource Kit: Guidelines on how to both implement and interpret the RHF briefs, assessment tools and approaches'),
(213, 1, '1.3', 'CO_1.3.4', 'River health assessment and frameworks and models and data base at multi-scales', '2015-109-74', 'Developing an operational framework for river health assessment in the Mekong River Basin', '2015-109-74-1', 'Technical outputs:  1. A holistic RHI system( using a system approach), at different spatial scales, which is able to capture a wide range of rive health dimensions.  2. A list of interventions, including community-level options, that can be employed to improve( maintain) the state of river health.'),
(214, 1, '1.3', 'CO_1.3.5', 'Technical materials to support comms & training on knowledge, skills and practices of env protection of hydropower developers and regulatory agencies in Laos', '2015-109-64', 'Balancing River Health and Hydropower Requirements in the Lancang River Basin', '2015-109-64-4', 'Technical materials to support communications and training  2. Media(blog post/web stories)  3. Minutes of workshops'),
(215, 1, '1.3', 'CO_1.3.5', 'River health status evidence presented to key government agencies.', '2015-109-64', 'Developing an operational framework for river health assessment in the Mekong River Basin', '2015-109-64-4', 'Improve knowledge, skills and practices of environmental protection of hydropower developers and regulators in Laos:  1. Technical materials to support communications and training  2. Media(blog post/web stories)  3. Minutes of workshops'),
(216, 1, '1.3', 'CO_1.3.5', 'River health status evidence presented to key government agencies.', '2015-109-66', 'Rivers for life and livelihoods: classification of river health in the Salween River', '2015-109-66-1', 'Healthy River vision statement for different stakeholders in the Salween (and through MK24 the Ayeyarwady) basin'),
(217, 1, '1.3', 'CO_1.3.5', 'River health status evidence presented to key government agencies.', '2015-109-72', 'Rivers for life and livelihoods: classification of river health in the Ayeyarwady River Basin', '2015-109-72-1', 'Healthy River vision statement for different stakeholders in each basin'),
(218, 1, '1.3', 'CO_1.3.5', 'River health status evidence presented to key government agencies.', '2015-109-74', 'Developing an operational framework for river health assessment in the Mekong River Basin', '2015-109-74-1', 'Technical outputs:  1. A holistic RHI system( using a system approach), at different spatial scales, which is able to capture a wide range of rive health dimensions.  2. A list of interventions, including community-level options, that can be employed to improve( maintain) the state of river health.');
INSERT INTO `flfr_cluster_data` (`id`, `fs_id`, `cluster`, `output_code`, `output`, `activity_id`, `project`, `del_code`, `del`) VALUES
(219, 1, '1.3', 'CO_1.3.6', 'Partnerships and associations between government and others key river user groups fostered ', '2015-109-64', 'Balancing River Health and Hydropower Requirements in the Lancang River Basin', '2015-109-64-1', '1. River health assessment model and program  2. Report on multi-scale assessment of river health and impacts of hydropower projects in the Lancang River Basin  3. Report cards of river health  4. Report on river health monitoring plan  5. Recommendation report on basin-level improvement of environmental mitigation and compensation measures of hydropower projects on Lancang River  6. One chapter concerning river health assessment in the Lancang River Basin to WLE Greater Mekong edited volume  7. Publications( Sok, conference/journal paper  8. Media( newspaper articles, blog post/webstories)  9. Minutes of workshops'),
(220, 1, '1.3', 'CO_1.3.6', 'Partnerships and associations between government and others key river user groups fostered ', '2015-109-66', 'Rivers for life and livelihoods: classification of river health in the Salween River', '2015-109-66-9', 'Management products: (1) Communications, consultations and capacity building plan (CCCP), (2) Myanmar Healthy Rivers Gender strategy, (3) six-monthly progress and lessons learnt reports.'),
(221, 1, '1.3', 'CO_1.3.6', 'Partnerships and associations between government and others key river user groups fostered ', '2015-109-72', 'Rivers for life and livelihoods: classification of river health in the Ayeyarwady River Basin', '2015-109-72-7', 'Management products: (1) Communications, consultations and capacity building plan (CCCP), (2) Myanmar Healthy Rivers Gender strategy, (3) 6-monthly progress and lessons learnt reports.'),
(222, 1, '1.3', 'CO_1.3.6', 'Partnerships and associations between government and others key river user groups fostered ', '2015-109-74', 'Developing an operational framework for river health assessment in the Mekong River Basin', '2015-109-74-2', ' Partnerships and associations between concerned stakeholders developed, given that the nature of the project will require close collaboration between these actors.'),
(223, 1, '1.3', 'CO_1.3.7', 'Government personel capacity built in application of the river health assessment tools.', '2015-109-66', 'Rivers for life and livelihoods: classification of river health in the Salween River', '2015-109-66-9', 'Management products: (1) Communications, consultations and capacity building plan (CCCP), (2) Myanmar Healthy Rivers Gender strategy, (3) six-monthly progress and lessons learnt reports.'),
(224, 1, '1.3', 'CO_1.3.7', 'Government personel capacity built in application of the river health assessment tools.', '2015-109-72', 'Rivers for life and livelihoods: classification of river health in the Ayeyarwady River Basin', '2015-109-72-7', 'Management products: (1) Communications, consultations and capacity building plan (CCCP), (2) Myanmar Healthy Rivers Gender strategy, (3) 6-monthly progress and lessons learnt reports.'),
(225, 1, '1.3', 'CO_1.3.7', 'Government personel capacity built in application of the river health assessment tools.', '2015-109-74', 'Developing an operational framework for river health assessment in the Mekong River Basin', '2015-109-74-3', ' Two capacity building workshops: out of which one will be specifically for ?women and the marginalized? to train these groups in river health monitoring activities.  '),
(226, 1, '1.3', 'CO_1.3.8', 'Community-based river health monitoring system', '2015-109-64', 'Balancing River Health and Hydropower Requirements in the Lancang River Basin', '2015-109-64-2', 'Strengthen dialog and communication on transboundary effects of hydropower projects on Lancang River:  1. Report on transboundary effects study of hydropower projects on Lancang River with respect to river health  2. Publications (SoKs, conference/journal paper)  3. Media(blog post/web stories)  4. Minutes of workshops.'),
(227, 1, '1.3', 'CO_1.3.8', 'Community-based river health monitoring system', '2015-109-66', 'Rivers for life and livelihoods: classification of river health in the Salween River', '2015-109-66-7', 'Other Communications products: (1) longitudinal webstories showing values, uses and visions of river use; (2) longitudinal participatory videos to show community perspectives over time; (3) maps and gis outputs to stimulate discussion and debate; (4) policy briefs  (5) blogposts and webstories'),
(228, 1, '1.3', 'CO_1.3.8', 'Community-based river health monitoring system', '2015-109-72', 'Rivers for life and livelihoods: classification of river health in the Ayeyarwady River Basin', '2015-109-72-1', 'Healthy River vision statement for different stakeholders in each basin'),
(229, 1, '1.3', 'CO_1.3.8', 'Community-based river health monitoring system', '2015-109-74', 'Developing an operational framework for river health assessment in the Mekong River Basin', '2015-109-74-2', 'Soft outputs:  1. Community-based monitoring systems, ensuring gender balance and representation of the marginalized  '),
(230, 1, '1.3', 'CO_1.3.9', 'Community capacity built and engagement fostered in river health monitoring ', '2015-109-64', 'Balancing River Health and Hydropower Requirements in the Lancang River Basin', '2015-109-64-3', 'Enhance involvement of women in river health assessment and management:  1. Report on investigation and analysis of the impacts of river health on women  2. Recommendation report on measures to improve women?s involvement in water resources management in hydropower-affected areas  3. Media(blog post/web stories)  4. Minutes of workshops'),
(231, 1, '1.3', 'CO_1.3.9', 'Community capacity built and engagement fostered in river health monitoring ', '2015-109-66', 'Rivers for life and livelihoods: classification of river health in the Salween River', '2015-109-66-4', 'River Health Framework (RHF) Resource Kit'),
(232, 1, '1.3', 'CO_1.3.9', 'Community capacity built and engagement fostered in river health monitoring ', '2015-109-72', 'Rivers for life and livelihoods: classification of river health in the Ayeyarwady River Basin', '2015-109-72-4', 'River Health Framework (RHF) Resource Kit: Guidelines on how to both implement and interpret the RHF briefs, assessment tools and approaches'),
(233, 1, '1.3', 'CO_1.3.9', 'Community capacity built and engagement fostered in river health monitoring ', '2015-109-74', 'Developing an operational framework for river health assessment in the Mekong River Basin', '2015-109-74-3', 'Communications outputs: which will be in the form of:  (1) Two open fora: to engage a variety of stakeholders in discussions to unearth contextual understanding and framing of river health, and for evaluating the health of the river using the indicator system being developed.  (2) Four stakeholder meetings: out of which one will be for womenonly, to present, and refine, project findings  (3) Two capacity building workshops: out of which one will be specifically for ?women and the marginalized? to train these groups in river health monitoring activities.  (4) A series of pamphlets and pictorial brochures to raise awareness about the project activities and seek community support.'),
(234, 1, '1.3', 'CO_1.3.10', 'Support tools for the planning process including evaluation of ecosystem services, social equity and gender  are developed and trained to government relevant agencies.', '2015-109-77', 'Inclusive development paths for healthy Red River landscapes based on ecosystem services', '2015-109-77-4', 'Support tool(s) in continuous exchange with WP2 &3 by Q2 2017 and Develop and execute training in planning process and support tools for Gov staff and university staff and students by Q3 2017'),
(235, 1, '1.3', 'CO_1.3.10', 'Support tools for the planning process including evaluation of ecosystem services, social equity and gender  are developed and trained to government relevant agencies.', '2015-109-68', 'Implementing cross-sectoral negotiations to coordinate Nam Xong water resources, livelihoods, ecosystem services and agricultural intensification', '2015-109-68-4', 'Simulation model (with ecosystem services module)completed and tested Q3 2016'),
(236, 1, '1.3', 'CO_1.3.11', 'Systems learning models to increase inter agency consultation and coordinate policy designs', '2015-109-77', 'Inclusive development paths for healthy Red River landscapes based on ecosystem services', '2015-109-77-5', 'System based model including physical economic and social processed completed by Q2 2017,serious gaming for decisions makers and citizens  developed by Q4 2014 '),
(237, 1, '1.3', 'CO_1.3.11', 'Systems learning models to increase inter agency consultation and coordinate policy designs', '2015-109-68', 'Implementing cross-sectoral negotiations to coordinate Nam Xong water resources, livelihoods, ecosystem services and agricultural intensification', '2015-109-68-11', 'Optimal land use maps for the Nam Xong constructed by Q3 2017'),
(238, 1, '1.3', 'CO_1.3.11', 'Systems learning models to increase inter agency consultation and coordinate policy designs', '2015-109-69', 'Working together for a better Kachin landscape  A landscape approach to the upper Ayeyarwady river basin', '2015-109-69-12', 'Multi-stakeholder workshop completed by Q4 2015'),
(239, 1, '1.3', 'CO_1.3.12', 'Platform for multi-stakeholder deliberations', '2015-109-77', 'Inclusive development paths for healthy Red River landscapes based on ecosystem services', '2015-109-77-6', ' Workshops and Web-based platform to support the multi-level stakeholder dialogue completed by Q4 2017'),
(240, 1, '1.3', 'CO_1.3.12', 'Platform for multi-stakeholder deliberations', '2015-109-69', 'Working together for a better Kachin landscape  A landscape approach to the upper Ayeyarwady river basin', '2015-109-69-11', 'Sharing & action workshops completed by Q 4 2016 and Write up - township level reviews & action plans; state level review & action plan completed by Q4 2016'),
(241, 1, '1.3', 'CO_1.3.13', 'Training modules  for local researchers  riverfood system (include women and marginalized group of people) developed and implemented and disseminated', '2015-109-67', 'River Food Systems from Villagers? Perspectives in the Mekong Delta', '2015-109-67-2', 'A training session on photovoice organized for local researchers. Q 2. 2015.'),
(242, 1, '1.3', 'CO_1.3.14', 'Training package on water, land and energy (people trained, trainers trained, curriculum prepared)', '2015-109-70', 'Capacity building and professional development for inclusive governance and management of water and ecosystem services in the Ayeyarwady River Basin', '2015-109-70-3', 'Curriculum and training materials developed / updated and 35 Participants successfully complete programme Q1 2016'),
(243, 1, '1.3', 'CO_1.3.14', 'Training package on water, land and energy (people trained, trainers trained, curriculum prepared)', '2015-109-71', 'Professional Development of Water Governance and Regional Development Practitioners in the Salween Basin', '2015-109-71-5', 'Completed training for organizational capacity building (academics Q 1, government Q2 and Civil Society Q3  2017 )'),
(244, 1, '1.3', 'CO_1.3.14', 'Training package on water, land and energy (people trained, trainers trained, curriculum prepared)', '2015-109-75', 'Professional Development of Water Governance and Regional Development Practitioners in the Mekong Basin', '2015-109-75-5', 'Completed training for organizational capacity building (academics Q 1, government Q2 and Civil Society Q3  2017 )'),
(245, 1, '1.3', 'CO_1.3.14', 'Training package on water, land and energy (people trained, trainers trained, curriculum prepared)', '2015-109-76', 'Capacity Building and Professional Development of Water Governance and Regional Development Practitioners in the Red Basin', '2015-109-76-1', 'Completed training for organizational capacity building (academics Q 2, government, water developer and operator and international organizations Q2 and Civil Society Q3  2017 )'),
(246, 1, '1.3', 'CO_1.3.15', 'Fellows trained in research policy advocacy on the nexus of water, land and energy.', '2015-109-70', 'Capacity building and professional development for inclusive governance and management of water and ecosystem services in the Ayeyarwady River Basin', '2015-109-70-2', 'Curriculum and training material developed / updated and 35 Participants successfully complete programme Q1 2016 Fellowship programme institutionalised Q 3 and certification system test by Q4 2016.'),
(247, 1, '1.3', 'CO_1.3.16', 'Papers, reports and briefs of policy relevance ', '2015-109-70', 'Capacity building and professional development for inclusive governance and management of water and ecosystem services in the Ayeyarwady River Basin', '2015-109-70-4', ' Reports of research results, publishing of blogs. Journal papers and book launching.by Q4 2017'),
(248, 1, '1.3', 'CO_1.3.17', 'Networking and communication products and events to enhance research-policy dialogues.', '2015-109-71', 'Professional Development of Water Governance and Regional Development Practitioners in the Salween Basin', '2015-109-71-2', ' Report,Blog posts/ web stories,State of Knowledge Paper.By Q '),
(249, 1, '1.3', 'CO_1.3.17', 'Networking and communication products and events to enhance research-policy dialogues.', '2015-109-75', 'Professional Development of Water Governance and Regional Development Practitioners in the Mekong Basin', '2015-109-75-14', 'Chapter in a WLE Greater Mekong edited volume. By Q4 2017'),
(250, 1, '1.3', 'CO_1.3.17', 'Networking and communication products and events to enhance research-policy dialogues.', '2015-109-76', 'Capacity Building and Professional Development of Water Governance and Regional Development Practitioners in the Red Basin', '2015-109-76-3', 'Blogs/web-stories posts to be produced by research fellows (Phase 1).  2. Blogs/ web-stories posts (two per year) produced by the TERMA program (under VAWR) and partner institutes? programson RRB capacity building.'),
(251, 4, '1.4', 'CO_1.4.1', 'Gender Equity', '2015-201-1', 'Reviving Springs and SPIP', '2015-201-1-3', '[G8/3] Understanding spring hydrogeology and management and role of women (book chapter); '),
(252, 4, '1.4', 'CO_1.4.1', 'Gender Equity', '2015-201-1', 'Reviving Springs and SPIP', '2015-201-1-4', '[G8/3] piloting solar pumps for women and small farmers (report) '),
(253, 4, '1.4', 'CO_1.4.1', 'Gender Equity', '2015-203-1', 'Poverty Squares and Gender Circles', '2015-203-1-1', '[G7/1] Gender-inclusive and Ecosystem services and Resilience(ESR)oriented research framework for the EGP actively promoted (available online), used  by the researchers, decision makers and practitioners '),
(254, 4, '1.4', 'CO_1.4.1', 'Gender Equity', '2015-112-1', 'Polder Community Management Project', '2015-112-1-2', '[G9/1] Documentation of present status of households and communities in terms of production systems, economics, nutrition, social capital, community dispute,  women empowerment'),
(255, 4, '1.4', 'CO_1.4.2', 'Ecosystem Services', '2015-202-1', 'Irrigation-hydropower nexus', '2015-202-1-1', '[G6/1] Data and information  on present status of natural resources, disaster risk, ecosystem services and livelihoods vulnerability in selected river basin'),
(256, 4, '1.4', 'CO_1.4.2', 'Ecosystem Services', '2015-202-1', 'Irrigation-hydropower nexus', '2015-202-1-2', '[G6/2] Ecosystem services assessment of riparian corridor, hilltop/watershed including wild plants, fodder, fisheries, river base-flows, extreme flood risk mitigation and pilgrimages to sacred Ganges headwater'),
(257, 4, '1.4', 'CO_1.4.3', 'Water-food-energy nexus', '2015-202-1', 'Irrigation-hydropower nexus', '2015-202-1-4', 'G6/1]  Recommendations on community based natural resources management, disaster risk management, sustainable agriculture and livelihoods practices including EIA and SIA guidelines, procedures for policy makers and policy brief for women and youth on energy and water use'),
(258, 4, '1.4', 'CO_1.4.4', 'Financial Models', '2015-201-1', 'Reviving Springs and SPIP', '2015-201-1-4', '[G8/3] Piloting solar pumps for women and small farmers: Lessons learnt reports'),
(259, 4, '1.4', 'CO_1.4.4', 'Financial Models', '2015-112-1', 'Polder Community Management Project', '2015-112-1-2', '[G4/1C] PCost/benefit analysis considering capital investment cost and depreciation, maintenance costs, the increased value of production.'),
(260, 4, '1.4', 'CO_1.4.4', 'Financial Models', '201-109-83', 'Restoring the Ganges', '2015-109-83-4', 'G10/1x] Analysis of basin replication potential and the most promising viable business solutions for making Ganges pollution free'),
(261, 4, '1.4', 'CO_1.4.5', 'Institutions', '2015-202-1', 'Irrigation-hydropower nexus', '2015-202-1-3', '[G6/x] Participatory Institutional and Policy Analysis'),
(262, 4, '1.4', 'CO_1.4.5', 'Institutions', '2015-202-1', 'Polder Community Management Project', '2015-112-1-3', '[G9/2c] Practical guidelines for creation of WMUs, water management within WMUs'),
(263, 2, '1.2', 'CO_1.2.1', 'Impacts of different NRM interventions and incentives on ES assessed in at least 10 watersheds ', '2015-217-90', 'Sustaining Land Management Interventions through Integrating Income Generating Activities, Addressing Local Concerns and Increasing Women?s Participation', '2015-217-90-2', '?Biophysical studies/Ecosystem services & biodiversity assessment'),
(264, 2, '1.2', 'CO_1.2.1', 'Impacts of different NRM interventions and incentives on ES assessed in at least 10 watersheds ', '2015-217-91', 'Sustaining Land Management Interventions through Integrating Income Generating Activities, Addressing Local Concerns and Increasing Women?s Participation', '2015-217-90-3', '?Hydrological impact and gully rehabilitation study'),
(265, 2, '1.2', 'CO_1.2.1', 'Impacts of different NRM interventions and incentives on ES assessed in at least 10 watersheds ', '2015-217-92', 'Sustaining Land Management Interventions through Integrating Income Generating Activities, Addressing Local Concerns and Increasing Women?s Participation', '2015-217-90-4', '?Incentives to support communities to adopt and maintain longer-term conservation approaches'),
(266, 2, '1.2', 'CO_1.2.1', 'Impacts of different NRM interventions and incentives on ES assessed in at least 10 watersheds ', '2015-217-93', 'Sustaining Land Management Interventions through Integrating Income Generating Activities, Addressing Local Concerns and Increasing Women?s Participation', '2015-217-90-5', '?Institutional & socio-economic studies'),
(267, 2, '1.2', 'CO_1.2.1', 'Impacts of different NRM interventions and incentives on ES assessed in at least 10 watersheds ', '2015-217-94', 'Sustaining Land Management Interventions through Integrating Income Generating Activities, Addressing Local Concerns and Increasing Women?s Participation', '2015-217-90-6', '?Training/capacity building , engagement & scaling up & out'),
(268, 2, '1.2', 'CO_1.2.2', 'Agricultural ecosystem restoration strategy and toolkit developed and shared ', '2015-217-86', 'Agro-biodiversity for Ecosystem Service Restoration in Ethiopia', '2015-217-86-1', 'Information system supporting the toolkit developed and tested'),
(269, 2, '1.2', 'CO_1.2.2', 'Agricultural ecosystem restoration strategy and toolkit developed and shared ', '2015-217-86', 'Agro-biodiversity for Ecosystem Service Restoration in Ethiopia', '2015-217-86-2', 'Participatory gender-sensitive action research toolkit developed and used'),
(270, 2, '1.2', 'CO_1.2.2', 'Agricultural ecosystem restoration strategy and toolkit developed and shared ', '2015-217-86', 'Agro-biodiversity for Ecosystem Service Restoration in Ethiopia', '2015-217-86-3', 'Restoration toolkit developed and adopted'),
(271, 2, '1.2', 'CO_1.2.2', 'Agricultural ecosystem restoration strategy and toolkit developed and shared ', '2015-217-86', 'Agro-biodiversity for Ecosystem Service Restoration in Ethiopia', '2015-217-86-4', 'Dissemination of results to different stakeholders and next users'),
(272, 2, '1.2', 'CO_1.2.3', 'A Guideline for ecosystems and wetlands valuation based on case studies for use by the local authorities ', '2015-220-84', 'Nile Ecosystems Valuation for Wise-Use (Nile Eco-VWU', '2015-220-84-2', 'Scientific Synergies, Communication and Engagements Strategies'),
(273, 2, '1.2', 'CO_1.2.3', 'A Guideline for ecosystems and wetlands valuation based on case studies for use by the local authorities ', '2015-220-84', 'Nile Ecosystems Valuation for Wise-Use (Nile Eco-VWU', '2015-220-84-3', 'Inventory and assessment of the pilot wetlands ecosystems and identification of services:'),
(274, 2, '1.2', 'CO_1.2.3', 'A Guideline for ecosystems and wetlands valuation based on case studies for use by the local authorities ', '2015-220-84', 'Nile Ecosystems Valuation for Wise-Use (Nile Eco-VWU', '2015-220-84-2', 'Scientific Synergies, Communication and Engagements Strategies'),
(275, 2, '1.2', 'CO_1.2.3', 'A Guideline for ecosystems and wetlands valuation based on case studies for use by the local authorities ', '2015-220-84', 'Nile Ecosystems Valuation for Wise-Use (Nile Eco-VWU', '2015-220-84-3', 'Inventory and assessment of the pilot wetlands ecosystems and identification of services'),
(276, 2, '1.2', 'CO_1.2.3', 'A Guideline for ecosystems and wetlands valuation based on case studies for use by the local authorities ', '2015-220-84', 'Nile Ecosystems Valuation for Wise-Use (Nile Eco-VWU', '2015-220-84-4', 'Delineation and hydrological modeling of the selected pilot  wetlands to estimate wetlands water'),
(277, 2, '1.2', 'CO_1.2.3', 'A Guideline for ecosystems and wetlands valuation based on case studies for use by the local authorities ', '2015-220-84', 'Nile Ecosystems Valuation for Wise-Use (Nile Eco-VWU', '2015-220-84-5', 'Capacity Development, knowledge sharing and dissemination:'),
(278, 2, '1.2', 'CO_1.2.4', 'Scenarios of trade-based approach for sustainbale intensification and the production of food staples', '2015-221-85', 'Water, Land, Ecosystems and Trade in Staples (WaLETS): Regional trade to enhance resilience of ecosystems; equitable wealth creation; food & nutrition security in the EAC ', '2015-221-85-2', 'Synthesis and analysis of the policies,strategies and institutional frameworks:'),
(279, 2, '1.2', 'CO_1.2.4', 'Scenarios of trade-based approach for sustainbale intensification and the production of food staples', '2015-221-85', 'Water, Land, Ecosystems and Trade in Staples (WaLETS): Regional trade to enhance resilience of ecosystems; equitable wealth creation; food & nutrition security in the EAC ', '2015-221-85-3', 'GIS database and maps on Trade-supporting infrastructure, Agro-ecosystem suitability and extent of matching'),
(280, 2, '1.2', 'CO_1.2.4', 'Scenarios of trade-based approach for sustainbale intensification and the production of food staples', '2015-221-85', 'Water, Land, Ecosystems and Trade in Staples (WaLETS): Regional trade to enhance resilience of ecosystems; equitable wealth creation; food & nutrition security in the EAC ', '2015-221-85-4', 'Scenario analysis of ??'),
(281, 2, '1.2', 'CO_1.2.5', ' A methodology on gender and ecosystems approach to FBFs ? comparing current and new investment plans that incorporate gender and ecosystem perspectives', '2015-219-87', 'Harnessing Floods to Enhance Livelihoods and Ecosystem Services ', '2015-219-87-2', 'Methodologies and tools on gender and ecosystems approach co-developed with partners'),
(282, 2, '1.2', 'CO_1.2.5', ' A methodology on gender and ecosystems approach to FBFs ? comparing current and new investment plans that incorporate gender and ecosystem perspectives', '2015-219-87', 'Harnessing Floods to Enhance Livelihoods and Ecosystem Services ', '2015-219-87-3', 'Research for development activities'),
(283, 2, '1.2', 'CO_1.2.5', ' A methodology on gender and ecosystems approach to FBFs ? comparing current and new investment plans that incorporate gender and ecosystem perspectives', '2015-219-87', 'Harnessing Floods to Enhance Livelihoods and Ecosystem Services ', '2015-219-87-4', 'Gender research activities'),
(284, 2, '1.2', 'CO_1.2.6', 'A report on opportunities for investments with positive gender and equity impacts based on baseline surveys and consultations at all levels in cluster', '2015-222-82', 'Laying the Foundations for Effective Landscape-Level Planning for Sustainable Development in the SAGCOT Corridor: Ihemi agricultural development cluster', '2015-222-82-2', 'Engaging with next users:'),
(285, 2, '1.2', 'CO_1.2.6', 'A report on opportunities for investments with positive gender and equity impacts based on baseline surveys and consultations at all levels in cluster', '2015-222-82', 'Laying the Foundations for Effective Landscape-Level Planning for Sustainable Development in the SAGCOT Corridor: Ihemi agricultural development cluster', '2015-222-82-3', 'Baseline analysis and surveys conducted:'),
(286, 2, '1.2', 'CO_1.2.6', 'A report on opportunities for investments with positive gender and equity impacts based on baseline surveys and consultations at all levels in cluster', '2015-222-82', 'Laying the Foundations for Effective Landscape-Level Planning for Sustainable Development in the SAGCOT Corridor: Ihemi agricultural development cluster', '2015-222-82-4', 'Data gaps addressed and modelling of scenarios completed:'),
(287, 2, '1.2', 'CO_1.2.6', 'A report on opportunities for investments with positive gender and equity impacts based on baseline surveys and consultations at all levels in cluster', '2015-222-82', 'Laying the Foundations for Effective Landscape-Level Planning for Sustainable Development in the SAGCOT Corridor: Ihemi agricultural development cluster', '2015-222-82-5', 'Sustainable development planning in cluster and linked enabling interventions at SAGCOT corridor level:'),
(288, 2, '1.2', 'CO_1.2.7', 'Key stakeholders in agricultural research and agricultural development policy have improved abilities to assess opportunities and limitations of ''closing the water productivity gap'', and understand the linkages between new irrigation projects and gendered livelihoods and ecosystems (skills & knowledge)', '2015-213-88', 'Accounting for Nile Waters: Connecting investments in large scale irrigation to gendered re-allocations of water and labour in the Eastern Nile Basin', '2015-213-88-1', 'FAO/ IWMI /UNESCO?IHE launch inclusive water accounting methodology based on 3 case studies'),
(289, 2, '1.2', 'CO_1.2.7', 'Key stakeholders in agricultural research and agricultural development policy have improved abilities to assess opportunities and limitations of ''closing the water productivity gap'', and understand the linkages between new irrigation projects and gendered livelihoods and ecosystems (skills & knowledge)', '2015-213-88', 'Accounting for Nile Waters: Connecting investments in large scale irrigation to gendered re-allocations of water and labour in the Eastern Nile Basin', '2015-213-88-2', 'Extension officers / investors / water users showcase inclusive water accounting in their organisations as examples for identification...'),
(290, 2, '1.2', 'CO_1.2.7', 'Key stakeholders in agricultural research and agricultural development policy have improved abilities to assess opportunities and limitations of ''closing the water productivity gap'', and understand the linkages between new irrigation projects and gendered livelihoods and ecosystems (skills & knowledge)', '2015-213-88', 'Accounting for Nile Waters: Connecting investments in large scale irrigation to gendered re-allocations of water and labour in the Eastern Nile Basin', '2015-213-88-1', 'Inclusive water accounting module used at UNESCO-IHE, FAO'', and ''Further conceptual development of WLE frameworks- linking WLE''s gender and ESS frameworks'''),
(291, 3, '1.1', 'CO_1.1.1', '''AGRIC-WATER MANAGEMENT/ RRR INVESTMENTS/ SUSTAINABLE LIVELIHOOD MANAGEMENT PRACTICES', '2015-109-89', 'Supporting investment decisions in water and land management across the rural-urban continuum in the Volta - Niger focal region', '2015-109-89-2', '[V6 -2] Publications/ MSc theses on   gender-differenciated aspect of adoption barriers/ constraints and opportunities/ tradeoffs of selected AWM & RRR interventions'),
(292, 3, '1.1', 'CO_1.1.1', '''AGRIC-WATER MANAGEMENT/ RRR INVESTMENTS/ SUSTAINABLE LIVELIHOOD MANAGEMENT PRACTICES', '2015-109-89', 'Supporting investment decisions in water and land management across the rural-urban continuum in the Volta - Niger focal region', '2015-109-89-3', '[V6 -3] Publications / Msc Theses on  Tradeoff Analysis/ Cost-Benefit Analysis of RRR & AWM interventions'),
(293, 3, '1.1', 'CO_1.1.1', '''AGRIC-WATER MANAGEMENT/ RRR INVESTMENTS/ SUSTAINABLE LIVELIHOOD MANAGEMENT PRACTICES', '2015-224-1', 'Enhancing ecosystem services for smallholder women farmers in the northern region of Ghana through an integrated BHUNGROO based research', '2015-224-1-1', '[V7 -1] Report on physical processes and Mechanical Irrigation Bhungroo Integrated Technology  (BIT) tested in Northern Ghana '),
(294, 3, '1.1', 'CO_1.1.1', '''AGRIC-WATER MANAGEMENT/ RRR INVESTMENTS/ SUSTAINABLE LIVELIHOOD MANAGEMENT PRACTICES', '2015-224-1', 'Enhancing ecosystem services for smallholder women farmers in the northern region of Ghana through an integrated BHUNGROO based research', '2015-224-1-2', '[V7 -2] Dataset and report on production trends of   crops under the Bhungroo Integrated Technology (BIT)  '),
(295, 3, '1.1', 'CO_1.1.1', '''AGRIC-WATER MANAGEMENT/ RRR INVESTMENTS/ SUSTAINABLE LIVELIHOOD MANAGEMENT PRACTICES', '2015-108-5', 'Realizing the full biomass potential of mixed crop-livestock systems in rapidly changing Sahelian agro-ecological landscapes', '2015-108-5-3', '[V8 -3] Publications on Ecosystem services approach towards biomass production / management practices '),
(296, 3, '1.1', 'CO_1.1.1', '''AGRIC-WATER MANAGEMENT/ RRR INVESTMENTS/ SUSTAINABLE LIVELIHOOD MANAGEMENT PRACTICES', '2015-225-1', 'Giving ?latecomers? a head start: Reorienting irrigation investments in the White Volta Basin to improve ecosystem services and the livelihoods of women and youth', '2015-225-1-2', '[V9 -2] Gender-inclusive and Ecosystem services and Resilience(ESR) oriented Multi-Stakeholder Platforms on irrigation management, [V9-3]  Decison support tools for women and youth oriented innovations in AWM'),
(297, 3, '1.1', 'CO_1.1.2', 'ECOSYSTEM BASED APPROACHES / PRACTICES ', '2015-108-5', 'Realizing the full biomass potential of mixed crop-livestock systems in rapidly changing Sahelian agro-ecological landscapes', '2015-108-5-2', '[V8-2] Multi-stakeholders forums & protocols on opportunities, constraints and tradeoff effects of biomass management practices'),
(298, 3, '1.1', 'CO_1.1.2', 'ECOSYSTEM BASED APPROACHES / PRACTICES ', '2015-225-1', 'Giving ?latecomers? a head start: Reorienting irrigation investments in the White Volta Basin to improve ecosystem services and the livelihoods of women and youth', '2015-225-1-3', '[V9-1]  Communications and policy briefs on the been the relative impacts of irrigation interventions and investments on gender and intergenerational disparity  at different scales.'),
(299, 3, '1.1', 'CO_1.1.2', 'ECOSYSTEM BASED APPROACHES / PRACTICES ', '2015-102-12', 'Improving livelihoods in landscapes in the Volta Basin through strengthening farmer-led approaches to ecosystem-based management', '2015-102-12-2', '[V10-1] Multi-stakeholders forums & publications on costs and benefits of EBM and practices at household level and landscape scales, [V10-3] Participatory approaches that integrate local stakeholders? value systems in natural resources management'),
(300, 3, '1.1', 'CO_1.1.2', 'ECOSYSTEM BASED APPROACHES / PRACTICES ', '2015-102-12', 'Improving livelihoods in landscapes in the Volta Basin through strengthening farmer-led approaches to ecosystem-based management', '2015-102-12-3', ' [V10-2]  Policy Process Design for institutionalization of appropriate EBM/ SLM by farmers in the short  and long term, [V10-2] Appropriate and feasible framework / models for tracking incentives for EBM/ SLM practices adoption by farmers & publications'),
(301, 3, '1.1', 'CO_1.1.2', 'ECOSYSTEM BASED APPROACHES / PRACTICES ', '2015-223-1', ' Managing Bagr? for equity and the environment', '2015-223-1-3', '[V11-4] Participatory Role playing game (WatAGame) and other ?companion? participatory frameworks/ models for analyzing ecosystem services based on past data'),
(302, 3, '1.1', 'CO_1.1.2', 'ECOSYSTEM BASED APPROACHES / PRACTICES ', '2015-223-1', ' Managing Bagr? for equity and the environment', '2015-223-1-1', '[V11-3] Baseline assessment of large irrigation investments'' impacts on ecosystem services based on a multi-level characterization of the study area'),
(303, 3, '1.1', 'CO_1.1.3', 'GOVERNANCE AND DECISION MAKING FOR UP/OUT SCALING EBM, AWM & RRR INTERVENTIONS ', '2015-109-89', 'Supporting investment decisions in water and land management across the rural-urban continuum in the Volta - Niger focal region', '2015-109-89-1', '[V6 -1] Communications and Policy briefs on Key ecosystem services indicators & MCA of selected AWM / RRR Interventions'),
(304, 3, '1.1', 'CO_1.1.3', 'GOVERNANCE AND DECISION MAKING FOR UP/OUT SCALING EBM, AWM & RRR INTERVENTIONS ', '2015-224-1', 'Enhancing ecosystem services for smallholder women farmers in the northern region of Ghana through an integrated BHUNGROO based research', '2015-224-1-3', '[V7 -3]  Capacity Development for engaging women and young farmers irrigation governance and investments'' decision making '),
(305, 3, '1.1', 'CO_1.1.3', 'GOVERNANCE AND DECISION MAKING FOR UP/OUT SCALING EBM, AWM & RRR INTERVENTIONS ', '2015-223-1', ' Managing Bagr? for equity and the environment', '2015-223-1-2', '[V11-1]  Multi-Stakeholder Platforms for governance and decision-making in the operations and management of large water infrastructures to address social equityand environmental sustainability '),
(306, 10, '6.2', 'CO_6.2.1', 'Information systems to support management decisions related to water, land and ecosystems developed and tested with stakeholders', '2015-103-1', 'Design cost effective methods for information and surveillance systems for water, carbon, land and ecosystems dynamic characterization and modeling', '2015-103-1-1', 'Hardware: assembling an open source Octocopter based on Ardupilot, Software: mosaic image generator, up and downscaling techniques and tools for crop discrimination'),
(307, 10, '6.2', 'CO_6.2.1', 'Information systems to support management decisions related to water, land and ecosystems developed and tested with stakeholders', '2015-103-1', 'Design cost effective methods for information and surveillance systems for water, carbon, land and ecosystems dynamic characterization and modeling', '2015-103-1-2', 'One stakeholder workshop for strengthening the community of practice on UAV technologies and sharing the progress in East Africa'),
(308, 10, '6.2', 'CO_6.2.1', 'Information systems to support management decisions related to water, land and ecosystems developed and tested with stakeholders', '2015-103-1', 'Design cost effective methods for information and surveillance systems for water, carbon, land and ecosystems dynamic characterization and modeling', '2015-103-1-3', 'Two blog posts on assembling UAV platform and crop discrimination using advanced remote sensing imagery and technologies'),
(309, 10, '6.2', 'CO_6.2.1', 'Information systems to support management decisions related to water, land and ecosystems developed and tested with stakeholders', '2015-103-1', 'Design cost effective methods for information and surveillance systems for water, carbon, land and ecosystems dynamic characterization and modeling', '2015-103-1-4', 'At least one workin paper drafted and one manuscript submitted on UAV applications in East Africa'),
(310, 10, '6.2', 'CO_6.2.1', 'Information systems to support management decisions related to water, land and ecosystems developed and tested with stakeholders', '2015-109-49', 'Water Metrics and Indicators for shaping policies and practices ', '2015-10-49-1', 'For each basin analysed'''),
(311, 10, '6.2', 'CO_6.2.1', 'Information systems to support management decisions related to water, land and ecosystems developed and tested with stakeholders', '2015-109-49', 'Water Metrics and Indicators for shaping policies and practices ', '2015-10-49-2', 'Report on extrapolation domains for outscaling of petrol and electric pumps and drip kits for shallow groundwater irrigation'),
(312, 10, '6.2', 'CO_6.2.1', 'Information systems to support management decisions related to water, land and ecosystems developed and tested with stakeholders', '2015-109-49', 'Water Metrics and Indicators for shaping policies and practices ', '2015-10-49-3', 'Water accounts for the Mekong'),
(313, 10, '6.2', 'CO_6.2.1', 'Information systems to support management decisions related to water, land and ecosystems developed and tested with stakeholders', '2015-109-49', 'Water Metrics and Indicators for shaping policies and practices ', '2015-10-49-4', 'Journal paper on the TAGMI model'),
(314, 10, '6.2', 'CO_6.2.1', 'Information systems to support management decisions related to water, land and ecosystems developed and tested with stakeholders', '2015-109-49', 'Water Metrics and Indicators for shaping policies and practices ', '2015-10-49-5', 'Ecosystem services sheet within the Water accounting + framework'),
(315, 10, '6.2', 'CO_6.2.1', 'Information systems to support management decisions related to water, land and ecosystems developed and tested with stakeholders', '2015-109-49', 'Water Metrics and Indicators for shaping policies and practices ', '2015-10-49-6', 'Decision support system (TAGMI model) for shallow irrigation'),
(316, 10, '6.2', 'CO_6.2.1', 'Information systems to support management decisions related to water, land and ecosystems developed and tested with stakeholders', '2015-109-49', 'Water Metrics and Indicators for shaping policies and practices ', '2015-10-49-7', '1 policy brief on the TAGMI model'),
(317, 10, '6.2', 'CO_6.2.1', 'Information systems to support management decisions related to water, land and ecosystems developed and tested with stakeholders', '2015-109-49', 'Water Metrics and Indicators for shaping policies and practices ', '2015-10-49-8', 'Water accounting.org platform'),
(318, 10, '6.1', 'CO_6.1.2', 'Decision analysis tools to support management decisions related to water, land and ecosystems developed and tested with stakeholders', '2015-110-2', 'Decision Analysis and Risk Assessment - Stochastic Impact Evaluation', '2015-110-2-1', 'Framework paper on Stochastic Impact Evaluation published as a journal article. The paper will lay out SIE concepts and summarise experience with its application, including in WLE, over the past 2 years.'),
(319, 10, '6.1', 'CO_6.1.2', 'Decision analysis tools to support management decisions related to water, land and ecosystems developed and tested with stakeholders', '2015-110-2', 'Decision Analysis and Risk Assessment - Stochastic Impact Evaluation', '2015-110-2-2', 'Prototype Bayesian Network tool and documentation for Stochastic Impact Evaluation using ArgenaRisk'),
(320, 10, '6.1', 'CO_6.1.2', 'Decision analysis tools to support management decisions related to water, land and ecosystems developed and tested with stakeholders', '2015-110-2', 'Decision Analysis and Risk Assessment - Stochastic Impact Evaluation', '2015-110-2-3', 'R package for Monte Carlo simulation for Stochastic Impact Evaluation'),
(321, 10, '6.1', 'CO_6.1.2', 'Decision analysis tools to support management decisions related to water, land and ecosystems developed and tested with stakeholders', '2015-110-2', 'Decision Analysis and Risk Assessment - Stochastic Impact Evaluation', '2015-110-2-4', 'At least 4 intervention decisions analysed using Stochastic Impact Evaluation in WLE priority regions'),
(322, 10, '6.1', 'CO_6.1.2', 'Decision analysis tools to support management decisions related to water, land and ecosystems developed and tested with stakeholders', '2015-110-2', 'Decision Analysis and Risk Assessment - Stochastic Impact Evaluation', '2015-110-2-5', 'Capacity of at least 20 stakeholders built in Stochastic Impact Evaluation. On-the-job training of stakeholders, including scientists and students, in the principles and practice of Stochastic Impact Evaluation and the WLE SIE tools'),
(323, 10, '6.1', 'CO_6.1.2', 'Decision analysis tools to support management decisions related to water, land and ecosystems developed and tested with stakeholders', '2015-110-2', 'Decision Analysis and Risk Assessment - Stochastic Impact Evaluation', '2015-110-2-6', 'Policy brief on Stochastic Impact Evaluation to alert senior decision makers to the potential benefits and stimulate in training decision analysts.'),
(324, 10, '6.2', 'CO_6.1.2', 'Information systems to support management decisions related to water, land and ecosystems developed and tested with stakeholders', '2015-110-3', 'Information Systems for Land, Water and Ecosystems - Soil Information Systems', '2015-110-3-1', 'Plans established for soil spectral laboratory facilities and capacity building for Ghana, Nigeria, and Tanzania under the Africa Soil Information Service Phase 2. Continued and scientific and technical advisory services to the Ethiopia Soil Information Service.'),
(325, 10, '6.2', 'CO_6.1.2', 'Information systems to support management decisions related to water, land and ecosystems developed and tested with stakeholders', '2015-110-3', 'Information Systems for Land, Water and Ecosystems - Soil Information Systems', '2015-110-3-2', 'Scientific and technical support to Africa soil spectroscopy lab network in 10 countires in use of AfSIS spectral prediction app for prediction of soil properties. Exposure training on soil spectroscopy technology and applications to over 200 policy makers, scientists, students, donors and NGOs through ICRAF''s  Soil-Plant Spectral Diagnostics Laboratory.'),
(326, 10, '6.2', 'CO_6.1.2', 'Information systems to support management decisions related to water, land and ecosystems developed and tested with stakeholders', '2015-110-3', 'Information Systems for Land, Water and Ecosystems - Soil Information Systems', '2015-110-3-3', 'Journal paper on Africa Soil Spectral Library'),
(327, 10, '6.2', 'CO_6.1.2', 'Information systems to support management decisions related to water, land and ecosystems developed and tested with stakeholders', '2015-110-3', 'Information Systems for Land, Water and Ecosystems - Soil Information Systems', '2015-110-3-4', 'Updated standard operating procedures for soil spectral methods and instruments'),
(328, 10, '6.2', 'CO_6.1.2', 'Information systems to support management decisions related to water, land and ecosystems developed and tested with stakeholders', '2015-110-3', 'Information Systems for Land, Water and Ecosystems - Soil Information Systems', '2015-110-3-5', 'Spectral Prediction App for prediction of soil properties from infrared spectra. Tested with soil spectroscopy network partners and improved based on feedback. Calibrations updated with new samples from partners.'),
(329, 10, '6.2', 'CO_6.1.2', 'Information systems to support management decisions related to water, land and ecosystems developed and tested with stakeholders', '2015-110-3', 'Information Systems for Land, Water and Ecosystems - Soil Information Systems', '2015-110-3-6', 'Journal articles on land health surveillance results and recommendations for sustainable land management interventions in Cameroon, Cote D''Ivoire, Ethiopia and Malawi. Includes feedback from local stakeholders on main findings.');

UPDATE flagship_focalregion SET org_name='IES_VN' WHERE id=1;
UPDATE flagship_focalregion SET org_name='IES_NEA' WHERE id=2;
UPDATE flagship_focalregion SET org_name='IES_GM' WHERE id=3;
UPDATE flagship_focalregion SET org_name='IES_GN' WHERE id=4;
UPDATE flagship_focalregion SET org_name='IES_IF' WHERE id=5;
UPDATE flagship_focalregion SET org_name='LWP' WHERE id=6;
UPDATE flagship_focalregion SET org_name='RDE' WHERE id=7;
UPDATE flagship_focalregion SET org_name='RRR' WHERE id=8;
UPDATE flagship_focalregion SET org_name='MRV' WHERE id=9;
UPDATE flagship_focalregion SET org_name='DAI' WHERE id=10;


--Sample Entry for Score Card Main Page
INSERT INTO `score_card_cache_main` (`id`,`cluster_green`,`cluster_yellow`,`cluster_red`,`project_green`,`project_yellow`,`project_red`,`output_green`,`output_yellow`,`output_red`,`spent`,`not_spent`,`cluster_count`,`project_count`,`output_count`,`cluster_output_count`) VALUES (29,201,76,13,94,51,1,450,140,32,14184508.119999997,36993322.56,19,146,622,290);
